# Blender 5.1.1
# www.blender.org
mtllib tori.mtl
o 円柱
v 0.000000 -1.000000 -1.000000
v 0.000000 1.000000 -0.406086
v 0.195090 -1.000000 -0.980785
v 0.079223 1.000000 -0.398283
v 0.382683 -1.000000 -0.923880
v 0.155402 1.000000 -0.375175
v 0.555570 -1.000000 -0.831470
v 0.225609 1.000000 -0.337648
v 0.707107 -1.000000 -0.707107
v 0.287146 1.000000 -0.287146
v 0.831470 -1.000000 -0.555570
v 0.337648 1.000000 -0.225609
v 0.923880 -1.000000 -0.382683
v 0.375175 1.000000 -0.155402
v 0.980785 -1.000000 -0.195090
v 0.398283 1.000000 -0.079223
v 1.000000 -1.000000 0.000000
v 0.406086 1.000000 -0.000000
v 0.980785 -1.000000 0.195090
v 0.398283 1.000000 0.079223
v 0.923880 -1.000000 0.382683
v 0.375175 1.000000 0.155402
v 0.831470 -1.000000 0.555570
v 0.337648 1.000000 0.225609
v 0.707107 -1.000000 0.707107
v 0.287146 1.000000 0.287146
v 0.555570 -1.000000 0.831470
v 0.225609 1.000000 0.337648
v 0.382683 -1.000000 0.923880
v 0.155402 1.000000 0.375175
v 0.195090 -1.000000 0.980785
v 0.079223 1.000000 0.398283
v 0.000000 -1.000000 1.000000
v 0.000000 1.000000 0.406086
v -0.195090 -1.000000 0.980785
v -0.079223 1.000000 0.398283
v -0.382683 -1.000000 0.923880
v -0.155402 1.000000 0.375175
v -0.555570 -1.000000 0.831470
v -0.225609 1.000000 0.337648
v -0.707107 -1.000000 0.707107
v -0.287146 1.000000 0.287146
v -0.831470 -1.000000 0.555570
v -0.337648 1.000000 0.225609
v -0.923880 -1.000000 0.382683
v -0.375175 1.000000 0.155402
v -0.980785 -1.000000 0.195090
v -0.398283 1.000000 0.079223
v -1.000000 -1.000000 0.000000
v -0.406086 1.000000 -0.000000
v -0.980785 -1.000000 -0.195090
v -0.398283 1.000000 -0.079223
v -0.923880 -1.000000 -0.382683
v -0.375175 1.000000 -0.155402
v -0.831470 -1.000000 -0.555570
v -0.337648 1.000000 -0.225609
v -0.707107 -1.000000 -0.707107
v -0.287146 1.000000 -0.287146
v -0.555570 -1.000000 -0.831470
v -0.225609 1.000000 -0.337648
v -0.382683 -1.000000 -0.923880
v -0.155402 1.000000 -0.375175
v -0.195090 -1.000000 -0.980785
v -0.079223 1.000000 -0.398283
vn -0.0000 0.2847 -0.9586
vn 0.1870 0.2847 -0.9402
vn 0.3668 0.2847 -0.8857
vn 0.5326 0.2847 -0.7971
vn 0.6779 0.2847 -0.6779
vn 0.7971 0.2847 -0.5326
vn 0.8857 0.2847 -0.3669
vn 0.9402 0.2847 -0.1870
vn 0.9586 0.2847 -0.0000
vn 0.9402 0.2847 0.1870
vn 0.8857 0.2847 0.3669
vn 0.7971 0.2847 0.5326
vn 0.6779 0.2847 0.6779
vn 0.5326 0.2847 0.7971
vn 0.3669 0.2847 0.8857
vn 0.1870 0.2847 0.9402
vn -0.0000 0.2847 0.9586
vn -0.1870 0.2847 0.9402
vn -0.3669 0.2847 0.8857
vn -0.5326 0.2847 0.7971
vn -0.6779 0.2847 0.6779
vn -0.7971 0.2847 0.5326
vn -0.8857 0.2847 0.3669
vn -0.9402 0.2847 0.1870
vn -0.9586 0.2847 -0.0000
vn -0.9402 0.2847 -0.1870
vn -0.8857 0.2847 -0.3669
vn -0.7971 0.2847 -0.5326
vn -0.6779 0.2847 -0.6779
vn -0.5326 0.2847 -0.7971
vn -0.3669 0.2847 -0.8857
vn -0.0000 1.0000 -0.0000
vn -0.1870 0.2847 -0.9402
vn -0.0000 -1.0000 -0.0000
vt 0.311468 0.481381
vt 0.311468 0.601229
vt 0.303978 0.601229
vt 0.303978 0.481381
vt 0.296487 0.601229
vt 0.296487 0.481381
vt 0.288997 0.601229
vt 0.288997 0.481381
vt 0.281506 0.601229
vt 0.281506 0.481381
vt 0.274016 0.601229
vt 0.274016 0.481381
vt 0.266525 0.601229
vt 0.266525 0.481381
vt 0.259035 0.601229
vt 0.259035 0.481381
vt 0.251544 0.601229
vt 0.251544 0.481381
vt 0.244054 0.601229
vt 0.244054 0.481381
vt 0.236563 0.601229
vt 0.236563 0.481381
vt 0.229073 0.601229
vt 0.229073 0.481381
vt 0.221582 0.601229
vt 0.221582 0.481381
vt 0.214092 0.601229
vt 0.214092 0.481381
vt 0.206601 0.601229
vt 0.206601 0.481381
vt 0.199111 0.601229
vt 0.199111 0.481381
vt 0.191620 0.601229
vt 0.191620 0.481381
vt 0.184130 0.601229
vt 0.184130 0.481381
vt 0.176639 0.601229
vt 0.176639 0.481381
vt 0.169149 0.601229
vt 0.169149 0.481381
vt 0.161658 0.601229
vt 0.161658 0.481381
vt 0.154168 0.601229
vt 0.154168 0.481381
vt 0.146677 0.601229
vt 0.146677 0.481381
vt 0.139187 0.601229
vt 0.139187 0.481381
vt 0.131696 0.601229
vt 0.131696 0.481381
vt 0.124206 0.601229
vt 0.124206 0.481381
vt 0.116715 0.601229
vt 0.116715 0.481381
vt 0.109225 0.601229
vt 0.109225 0.481381
vt 0.101734 0.601229
vt 0.101734 0.481381
vt 0.094244 0.601229
vt 0.094244 0.481381
vt 0.086753 0.601229
vt 0.086753 0.481381
vt 0.142919 0.477879
vt 0.131696 0.478984
vt 0.120473 0.477879
vt 0.109681 0.474605
vt 0.099736 0.469289
vt 0.091018 0.462135
vt 0.083864 0.453417
vt 0.078548 0.443471
vt 0.075274 0.432680
vt 0.074169 0.421457
vt 0.075274 0.410234
vt 0.078548 0.399442
vt 0.083864 0.389496
vt 0.091018 0.380779
vt 0.099736 0.373625
vt 0.109681 0.368309
vt 0.120473 0.365035
vt 0.131696 0.363930
vt 0.142919 0.365035
vt 0.153711 0.368309
vt 0.163656 0.373625
vt 0.172374 0.380779
vt 0.179528 0.389496
vt 0.184844 0.399442
vt 0.188118 0.410234
vt 0.189223 0.421457
vt 0.188118 0.432680
vt 0.184844 0.443471
vt 0.179528 0.453417
vt 0.172374 0.462135
vt 0.163656 0.469289
vt 0.153711 0.474605
vt 0.079262 0.601229
vt 0.079262 0.481381
vt 0.071772 0.601229
vt 0.071772 0.481381
vt 0.251544 0.478984
vt 0.262767 0.477879
vt 0.273559 0.474605
vt 0.283505 0.469289
vt 0.292222 0.462135
vt 0.299376 0.453417
vt 0.304693 0.443471
vt 0.307966 0.432680
vt 0.309072 0.421457
vt 0.307966 0.410234
vt 0.304693 0.399442
vt 0.299376 0.389496
vt 0.292222 0.380779
vt 0.283505 0.373625
vt 0.273559 0.368309
vt 0.262767 0.365035
vt 0.251544 0.363930
vt 0.240321 0.365035
vt 0.229530 0.368309
vt 0.219584 0.373625
vt 0.210867 0.380779
vt 0.203712 0.389496
vt 0.198396 0.399442
vt 0.195123 0.410234
vt 0.194017 0.421457
vt 0.195123 0.432680
vt 0.198396 0.443471
vt 0.203712 0.453417
vt 0.210867 0.462135
vt 0.219584 0.469289
vt 0.229530 0.474605
vt 0.240321 0.477879
s 1
usemtl マテリアル
f 1/1/1 2/2/1 4/3/2 3/4/2
f 3/4/2 4/3/2 6/5/3 5/6/3
f 5/6/3 6/5/3 8/7/4 7/8/4
f 7/8/4 8/7/4 10/9/5 9/10/5
f 9/10/5 10/9/5 12/11/6 11/12/6
f 11/12/6 12/11/6 14/13/7 13/14/7
f 13/14/7 14/13/7 16/15/8 15/16/8
f 15/16/8 16/15/8 18/17/9 17/18/9
f 17/18/9 18/17/9 20/19/10 19/20/10
f 19/20/10 20/19/10 22/21/11 21/22/11
f 21/22/11 22/21/11 24/23/12 23/24/12
f 23/24/12 24/23/12 26/25/13 25/26/13
f 25/26/13 26/25/13 28/27/14 27/28/14
f 27/28/14 28/27/14 30/29/15 29/30/15
f 29/30/15 30/29/15 32/31/16 31/32/16
f 31/32/16 32/31/16 34/33/17 33/34/17
f 33/34/17 34/33/17 36/35/18 35/36/18
f 35/36/18 36/35/18 38/37/19 37/38/19
f 37/38/19 38/37/19 40/39/20 39/40/20
f 39/40/20 40/39/20 42/41/21 41/42/21
f 41/42/21 42/41/21 44/43/22 43/44/22
f 43/44/22 44/43/22 46/45/23 45/46/23
f 45/46/23 46/45/23 48/47/24 47/48/24
f 47/48/24 48/47/24 50/49/25 49/50/25
f 49/50/25 50/49/25 52/51/26 51/52/26
f 51/52/26 52/51/26 54/53/27 53/54/27
f 53/54/27 54/53/27 56/55/28 55/56/28
f 55/56/28 56/55/28 58/57/29 57/58/29
f 57/58/29 58/57/29 60/59/30 59/60/30
f 59/60/30 60/59/30 62/61/31 61/62/31
f 4/63/32 2/64/32 64/65/32 62/66/32 60/67/32 58/68/32 56/69/32 54/70/32 52/71/32 50/72/32 48/73/32 46/74/32 44/75/32 42/76/32 40/77/32 38/78/32 36/79/32 34/80/32 32/81/32 30/82/32 28/83/32 26/84/32 24/85/32 22/86/32 20/87/32 18/88/32 16/89/32 14/90/32 12/91/32 10/92/32 8/93/32 6/94/32
f 61/62/31 62/61/31 64/95/33 63/96/33
f 63/96/33 64/95/33 2/97/1 1/98/1
f 1/99/34 3/100/34 5/101/34 7/102/34 9/103/34 11/104/34 13/105/34 15/106/34 17/107/34 19/108/34 21/109/34 23/110/34 25/111/34 27/112/34 29/113/34 31/114/34 33/115/34 35/116/34 37/117/34 39/118/34 41/119/34 43/120/34 45/121/34 47/122/34 49/123/34 51/124/34 53/125/34 55/126/34 57/127/34 59/128/34 61/129/34 63/130/34
o 球
v 0.000000 2.569932 0.000000
v 0.000000 2.446312 -0.407519
v 0.000000 2.243937 -0.609895
v 0.000000 1.979519 -0.719420
v 0.000000 1.836418 -0.733514
v 0.000000 1.693316 -0.719420
v 0.000000 1.428899 -0.609895
v 0.000000 1.102904 0.000000
v 0.027918 2.555838 -0.140352
v 0.054763 2.514096 -0.275310
v 0.079503 2.446312 -0.399688
v 0.101188 2.355091 -0.508706
v 0.118985 2.243937 -0.598176
v 0.132209 2.117121 -0.664657
v 0.140352 1.979519 -0.705596
v 0.143101 1.836418 -0.719420
v 0.140352 1.693316 -0.705596
v 0.132209 1.555714 -0.664657
v 0.118985 1.428899 -0.598176
v 0.101188 1.317745 -0.508706
v 0.079503 1.226523 -0.399688
v 0.054763 1.158739 -0.275310
v 0.027918 1.116998 -0.140352
v 0.054763 2.555838 -0.132209
v 0.107421 2.514096 -0.259336
v 0.155951 2.446312 -0.376498
v 0.198487 2.355091 -0.479191
v 0.233397 2.243937 -0.563469
v 0.259336 2.117121 -0.626093
v 0.275310 1.979519 -0.664657
v 0.280704 1.836418 -0.677678
v 0.275310 1.693316 -0.664657
v 0.259336 1.555714 -0.626093
v 0.233397 1.428899 -0.563469
v 0.198487 1.317745 -0.479191
v 0.155951 1.226523 -0.376498
v 0.107421 1.158739 -0.259336
v 0.054763 1.116998 -0.132209
v 0.079503 2.555838 -0.118985
v 0.155951 2.514096 -0.233397
v 0.226405 2.446312 -0.338839
v 0.288159 2.355091 -0.431261
v 0.338839 2.243937 -0.507109
v 0.376498 2.117121 -0.563469
v 0.399688 1.979519 -0.598176
v 0.407519 1.836418 -0.609894
v 0.399688 1.693316 -0.598176
v 0.376498 1.555714 -0.563469
v 0.338839 1.428899 -0.507109
v 0.288159 1.317745 -0.431261
v 0.226405 1.226523 -0.338839
v 0.155951 1.158739 -0.233397
v 0.079503 1.116998 -0.118985
v 0.101188 2.555838 -0.101188
v 0.198487 2.514096 -0.198487
v 0.288159 2.446312 -0.288159
v 0.366757 2.355091 -0.366757
v 0.431260 2.243937 -0.431260
v 0.479191 2.117121 -0.479191
v 0.508706 1.979519 -0.508706
v 0.518673 1.836418 -0.518673
v 0.508706 1.693316 -0.508706
v 0.479191 1.555714 -0.479191
v 0.431260 1.428899 -0.431260
v 0.366757 1.317745 -0.366757
v 0.288159 1.226523 -0.288159
v 0.198487 1.158739 -0.198487
v 0.101188 1.116998 -0.101188
v 0.118985 2.555838 -0.079503
v 0.233397 2.514096 -0.155951
v 0.338839 2.446312 -0.226405
v 0.431261 2.355091 -0.288159
v 0.507109 2.243937 -0.338839
v 0.563469 2.117121 -0.376498
v 0.598176 1.979519 -0.399688
v 0.609894 1.836418 -0.407518
v 0.598176 1.693316 -0.399688
v 0.563469 1.555714 -0.376498
v 0.507109 1.428899 -0.338839
v 0.431261 1.317745 -0.288159
v 0.338839 1.226523 -0.226405
v 0.233397 1.158739 -0.155951
v 0.118985 1.116998 -0.079503
v 0.132208 2.555838 -0.054763
v 0.259336 2.514096 -0.107421
v 0.376498 2.446312 -0.155951
v 0.479191 2.355091 -0.198487
v 0.563469 2.243937 -0.233396
v 0.626093 2.117121 -0.259336
v 0.664657 1.979519 -0.275310
v 0.677678 1.836418 -0.280703
v 0.664657 1.693316 -0.275310
v 0.626093 1.555714 -0.259336
v 0.563469 1.428899 -0.233396
v 0.479191 1.317745 -0.198487
v 0.376498 1.226523 -0.155951
v 0.259336 1.158739 -0.107421
v 0.132208 1.116998 -0.054763
v 0.140352 2.555838 -0.027918
v 0.275310 2.514096 -0.054763
v 0.399688 2.446312 -0.079503
v 0.508706 2.355091 -0.101188
v 0.598175 2.243937 -0.118984
v 0.664657 2.117121 -0.132209
v 0.705596 1.979519 -0.140352
v 0.719419 1.836418 -0.143101
v 0.705596 1.693316 -0.140352
v 0.664657 1.555714 -0.132209
v 0.598175 1.428899 -0.118984
v 0.508706 1.317745 -0.101188
v 0.399688 1.226523 -0.079503
v 0.275310 1.158739 -0.054763
v 0.140352 1.116998 -0.027918
v 0.143101 2.555838 0.000000
v 0.280704 2.514096 0.000000
v 0.407518 2.446312 0.000000
v 0.518673 2.355091 -0.000000
v 0.609894 2.243937 0.000000
v 0.677678 2.117121 -0.000000
v 0.719420 1.979519 0.000000
v 0.733514 1.836418 0.000000
v 0.719420 1.693316 0.000000
v 0.677678 1.555714 -0.000000
v 0.609894 1.428899 0.000000
v 0.518673 1.317745 -0.000000
v 0.407518 1.226523 0.000000
v 0.280704 1.158739 0.000000
v 0.143101 1.116998 0.000000
v 0.140352 2.555838 0.027918
v 0.275310 2.514096 0.054763
v 0.399688 2.446312 0.079503
v 0.508706 2.355091 0.101188
v 0.598175 2.243937 0.118985
v 0.664657 2.117121 0.132208
v 0.705596 1.979519 0.140352
v 0.719419 1.836418 0.143102
v 0.705596 1.693316 0.140352
v 0.664657 1.555714 0.132208
v 0.598175 1.428899 0.118985
v 0.508706 1.317745 0.101188
v 0.399688 1.226523 0.079503
v 0.275310 1.158739 0.054763
v 0.140352 1.116998 0.027918
v 0.132208 2.555838 0.054763
v 0.259336 2.514096 0.107421
v 0.376498 2.446312 0.155951
v 0.479191 2.355091 0.198487
v 0.563469 2.243937 0.233397
v 0.626093 2.117121 0.259336
v 0.664657 1.979519 0.275310
v 0.677678 1.836418 0.280704
v 0.664657 1.693316 0.275310
v 0.626093 1.555714 0.259336
v 0.563469 1.428899 0.233397
v 0.479191 1.317745 0.198487
v 0.376498 1.226523 0.155951
v 0.259336 1.158739 0.107421
v 0.132208 1.116998 0.054763
v 0.118984 2.555838 0.079503
v 0.233396 2.514096 0.155951
v 0.338839 2.446312 0.226405
v 0.431260 2.355091 0.288159
v 0.507109 2.243937 0.338839
v 0.563469 2.117121 0.376498
v 0.598175 1.979519 0.399688
v 0.609894 1.836418 0.407518
v 0.598175 1.693316 0.399688
v 0.563469 1.555714 0.376498
v 0.507109 1.428899 0.338839
v 0.431260 1.317745 0.288159
v 0.338839 1.226523 0.226405
v 0.233396 1.158739 0.155951
v 0.118984 1.116998 0.079503
v 0.101188 2.555838 0.101188
v 0.198487 2.514096 0.198487
v 0.288159 2.446312 0.288159
v 0.366757 2.355091 0.366757
v 0.431260 2.243937 0.431260
v 0.479191 2.117121 0.479191
v 0.508706 1.979519 0.508706
v 0.518672 1.836418 0.518673
v 0.508706 1.693316 0.508706
v 0.479191 1.555714 0.479191
v 0.431260 1.428899 0.431260
v 0.366757 1.317745 0.366757
v 0.288159 1.226523 0.288159
v 0.198487 1.158739 0.198487
v 0.101188 1.116998 0.101188
v 0.079503 2.555838 0.118984
v 0.155951 2.514096 0.233397
v 0.226405 2.446312 0.338839
v 0.288159 2.355091 0.431260
v 0.338839 2.243937 0.507109
v 0.376498 2.117121 0.563469
v 0.399688 1.979519 0.598175
v 0.407518 1.836418 0.609894
v 0.399688 1.693316 0.598175
v 0.376498 1.555714 0.563469
v 0.338839 1.428899 0.507109
v 0.288159 1.317745 0.431260
v 0.226405 1.226523 0.338839
v 0.155951 1.158739 0.233397
v 0.079503 1.116998 0.118984
v 0.054763 2.555838 0.132208
v 0.107421 2.514096 0.259336
v 0.155950 2.446312 0.376498
v 0.198487 2.355091 0.479191
v 0.233396 2.243937 0.563469
v 0.259336 2.117121 0.626093
v 0.275310 1.979519 0.664657
v 0.280703 1.836418 0.677678
v 0.275310 1.693316 0.664657
v 0.259336 1.555714 0.626093
v 0.233396 1.428899 0.563469
v 0.198487 1.317745 0.479191
v 0.155950 1.226523 0.376498
v 0.107421 1.158739 0.259336
v 0.054763 1.116998 0.132208
v 0.027918 2.555838 0.140352
v 0.054763 2.514096 0.275310
v 0.079503 2.446312 0.399688
v 0.101188 2.355091 0.508706
v 0.118984 2.243937 0.598175
v 0.132209 2.117121 0.664657
v 0.140352 1.979519 0.705596
v 0.143101 1.836418 0.719419
v 0.140352 1.693316 0.705596
v 0.132209 1.555714 0.664657
v 0.118984 1.428899 0.598175
v 0.101188 1.317745 0.508706
v 0.079503 1.226523 0.399688
v 0.054763 1.158739 0.275310
v 0.027918 1.116998 0.140352
v -0.000000 2.555838 0.143101
v -0.000000 2.514096 0.280704
v -0.000000 2.446312 0.407518
v -0.000000 2.355091 0.518673
v -0.000000 2.243937 0.609894
v 0.000000 2.117121 0.677678
v -0.000000 1.979519 0.719419
v -0.000000 1.836418 0.733513
v -0.000000 1.693316 0.719419
v 0.000000 1.555714 0.677678
v -0.000000 1.428899 0.609894
v -0.000000 1.317745 0.518673
v -0.000000 1.226523 0.407518
v -0.000000 1.158739 0.280704
v -0.000000 1.116998 0.143101
v -0.027918 2.555838 0.140352
v -0.054763 2.514096 0.275310
v -0.079503 2.446312 0.399688
v -0.101188 2.355091 0.508706
v -0.118985 2.243937 0.598175
v -0.132208 2.117121 0.664657
v -0.140352 1.979519 0.705596
v -0.143102 1.836418 0.719419
v -0.140352 1.693316 0.705596
v -0.132208 1.555714 0.664657
v -0.118985 1.428899 0.598175
v -0.101188 1.317745 0.508706
v -0.079503 1.226523 0.399688
v -0.054763 1.158739 0.275310
v -0.027918 1.116998 0.140352
v -0.054763 2.555838 0.132208
v -0.107421 2.514096 0.259336
v -0.155951 2.446312 0.376498
v -0.198487 2.355091 0.479191
v -0.233397 2.243937 0.563469
v -0.259336 2.117121 0.626093
v -0.275310 1.979519 0.664657
v -0.280704 1.836418 0.677678
v -0.275310 1.693316 0.664657
v -0.259336 1.555714 0.626093
v -0.233397 1.428899 0.563469
v -0.198487 1.317745 0.479191
v -0.155951 1.226523 0.376498
v -0.107421 1.158739 0.259336
v -0.054763 1.116998 0.132208
v -0.079503 2.555838 0.118984
v -0.155951 2.514096 0.233396
v -0.226405 2.446312 0.338839
v -0.288159 2.355091 0.431260
v -0.338839 2.243937 0.507108
v -0.376498 2.117121 0.563469
v -0.399688 1.979519 0.598175
v -0.407518 1.836418 0.609894
v -0.399688 1.693316 0.598175
v -0.376498 1.555714 0.563469
v -0.338839 1.428899 0.507108
v -0.288159 1.317745 0.431260
v -0.226405 1.226523 0.338839
v -0.155951 1.158739 0.233396
v -0.079503 1.116998 0.118984
v -0.101188 2.555838 0.101188
v -0.198487 2.514096 0.198487
v -0.288159 2.446312 0.288159
v -0.366757 2.355091 0.366757
v -0.431260 2.243937 0.431260
v -0.479191 2.117121 0.479191
v -0.508706 1.979519 0.508706
v -0.518672 1.836418 0.518672
v -0.508706 1.693316 0.508706
v -0.479191 1.555714 0.479191
v -0.431260 1.428899 0.431260
v -0.366757 1.317745 0.366757
v -0.288159 1.226523 0.288159
v -0.198487 1.158739 0.198487
v -0.101188 1.116998 0.101188
v -0.118984 2.555838 0.079503
v -0.233396 2.514096 0.155950
v -0.338839 2.446312 0.226405
v -0.431260 2.355091 0.288159
v -0.507109 2.243937 0.338839
v -0.563469 2.117121 0.376498
v -0.598175 1.979519 0.399688
v -0.609894 1.836418 0.407518
v -0.598175 1.693316 0.399688
v -0.563469 1.555714 0.376498
v -0.507109 1.428899 0.338839
v -0.431260 1.317745 0.288159
v -0.338839 1.226523 0.226405
v -0.233396 1.158739 0.155950
v -0.118984 1.116998 0.079503
v -0.132208 2.555838 0.054762
v -0.259336 2.514096 0.107421
v -0.376498 2.446312 0.155950
v -0.479191 2.355091 0.198487
v -0.563469 2.243937 0.233396
v -0.626093 2.117121 0.259336
v -0.664657 1.979519 0.275310
v -0.677678 1.836418 0.280703
v -0.664657 1.693316 0.275310
v -0.626093 1.555714 0.259336
v -0.563469 1.428899 0.233396
v -0.479191 1.317745 0.198487
v -0.376498 1.226523 0.155950
v -0.259336 1.158739 0.107421
v -0.132208 1.116998 0.054762
v -0.140352 2.555838 0.027918
v -0.275310 2.514096 0.054762
v -0.399688 2.446312 0.079503
v -0.508706 2.355091 0.101188
v -0.598175 2.243937 0.118984
v -0.664657 2.117121 0.132208
v -0.705596 1.979519 0.140352
v -0.719419 1.836418 0.143101
v -0.705596 1.693316 0.140352
v -0.664657 1.555714 0.132208
v -0.598175 1.428899 0.118984
v -0.508706 1.317745 0.101188
v -0.399688 1.226523 0.079503
v -0.275310 1.158739 0.054762
v -0.140352 1.116998 0.027918
v -0.143101 2.555838 -0.000000
v -0.280703 2.514096 -0.000000
v -0.407518 2.446312 -0.000000
v -0.518673 2.355091 -0.000000
v -0.609894 2.243937 -0.000000
v -0.677678 2.117121 -0.000000
v -0.719419 1.979519 -0.000000
v -0.733513 1.836418 -0.000000
v -0.719419 1.693316 -0.000000
v -0.677678 1.555714 -0.000000
v -0.609894 1.428899 -0.000000
v -0.518673 1.317745 -0.000000
v -0.407518 1.226523 -0.000000
v -0.280703 1.158739 -0.000000
v -0.143101 1.116998 -0.000000
v -0.140352 2.555838 -0.027918
v -0.275310 2.514096 -0.054763
v -0.399688 2.446312 -0.079503
v -0.508706 2.355091 -0.101188
v -0.598175 2.243937 -0.118985
v -0.664657 2.117121 -0.132208
v -0.705596 1.979519 -0.140352
v -0.719419 1.836418 -0.143102
v -0.705596 1.693316 -0.140352
v -0.664657 1.555714 -0.132208
v -0.598175 1.428899 -0.118985
v -0.508706 1.317745 -0.101188
v -0.399688 1.226523 -0.079503
v -0.275310 1.158739 -0.054763
v -0.140352 1.116998 -0.027918
v -0.132208 2.555838 -0.054763
v -0.259336 2.514096 -0.107421
v -0.376498 2.446312 -0.155951
v -0.479191 2.355091 -0.198487
v -0.563469 2.243937 -0.233397
v -0.626093 2.117121 -0.259336
v -0.664657 1.979519 -0.275310
v -0.677678 1.836418 -0.280704
v -0.664657 1.693316 -0.275310
v -0.626093 1.555714 -0.259336
v -0.563469 1.428899 -0.233397
v -0.479191 1.317745 -0.198487
v -0.376498 1.226523 -0.155951
v -0.259336 1.158739 -0.107421
v -0.132208 1.116998 -0.054763
v -0.118984 2.555838 -0.079503
v -0.233396 2.514096 -0.155951
v -0.338839 2.446312 -0.226405
v -0.431260 2.355091 -0.288159
v -0.507108 2.243937 -0.338839
v -0.563469 2.117121 -0.376498
v -0.598175 1.979519 -0.399688
v -0.609894 1.836418 -0.407518
v -0.598175 1.693316 -0.399688
v -0.563469 1.555714 -0.376498
v -0.507108 1.428899 -0.338839
v -0.431260 1.317745 -0.288159
v -0.338839 1.226523 -0.226405
v -0.233396 1.158739 -0.155951
v -0.118984 1.116998 -0.079503
v -0.101188 2.555838 -0.101188
v -0.198487 2.514096 -0.198487
v -0.288159 2.446312 -0.288159
v -0.366757 2.355091 -0.366757
v -0.431260 2.243937 -0.431260
v -0.479191 2.117121 -0.479191
v -0.508706 1.979519 -0.508706
v -0.518672 1.836418 -0.518672
v -0.508706 1.693316 -0.508706
v -0.479191 1.555714 -0.479191
v -0.431260 1.428899 -0.431260
v -0.366757 1.317745 -0.366757
v -0.288159 1.226523 -0.288159
v -0.198487 1.158739 -0.198487
v -0.101188 1.116998 -0.101188
v -0.079503 2.555838 -0.118984
v -0.155950 2.514096 -0.233396
v -0.226405 2.446312 -0.338839
v -0.288159 2.355091 -0.431260
v -0.338839 2.243937 -0.507108
v -0.376498 2.117121 -0.563469
v -0.399688 1.979519 -0.598175
v -0.407518 1.836418 -0.609894
v -0.399688 1.693316 -0.598175
v -0.376498 1.555714 -0.563469
v -0.338839 1.428899 -0.507108
v -0.288159 1.317745 -0.431260
v -0.226405 1.226523 -0.338839
v -0.155950 1.158739 -0.233396
v -0.079503 1.116998 -0.118984
v -0.054762 2.555838 -0.132208
v -0.107421 2.514096 -0.259336
v -0.155950 2.446312 -0.376498
v -0.198487 2.355091 -0.479191
v -0.233396 2.243937 -0.563469
v -0.259336 2.117121 -0.626093
v -0.275310 1.979519 -0.664657
v -0.280703 1.836418 -0.677678
v -0.275310 1.693316 -0.664657
v -0.259336 1.555714 -0.626093
v -0.233396 1.428899 -0.563469
v -0.198487 1.317745 -0.479191
v -0.155950 1.226523 -0.376498
v -0.107421 1.158739 -0.259336
v -0.054762 1.116998 -0.132208
v -0.027918 2.555838 -0.140352
v -0.054762 2.514096 -0.275310
v -0.079503 2.446312 -0.399688
v -0.101188 2.355091 -0.508706
v -0.118984 2.243937 -0.598175
v -0.132208 2.117121 -0.664657
v -0.140352 1.979519 -0.705596
v -0.143101 1.836418 -0.719419
v -0.140352 1.693316 -0.705596
v -0.132208 1.555714 -0.664657
v -0.118984 1.428899 -0.598175
v -0.101188 1.317745 -0.508706
v -0.079503 1.226523 -0.399688
v -0.054762 1.158739 -0.275310
v -0.027918 1.116998 -0.140352
v 0.000000 2.555838 -0.143101
v 0.000000 2.514096 -0.280703
v 0.000000 2.355091 -0.518673
v 0.000000 2.117121 -0.677678
v 0.000000 1.555714 -0.677678
v 0.000000 1.317745 -0.518673
v 0.000000 1.226523 -0.407518
v 0.000000 1.158739 -0.280703
v 0.000000 1.116998 -0.143101
vn -0.0000 1.0000 -0.0000
vn -0.0000 0.8286 -0.5598
vn -0.0000 0.5528 -0.8333
vn -0.0000 0.1939 -0.9810
vn -0.0000 -0.0000 -1.0000
vn -0.0000 -0.1939 -0.9810
vn -0.0000 -0.5528 -0.8333
vn -0.0000 -1.0000 -0.0000
vn 0.0392 0.9796 -0.1971
vn 0.0757 0.9217 -0.3804
vn 0.1092 0.8286 -0.5490
vn 0.1385 0.7041 -0.6965
vn 0.1626 0.5528 -0.8173
vn 0.1804 0.3805 -0.9070
vn 0.1914 0.1939 -0.9622
vn 0.1951 -0.0000 -0.9808
vn 0.1914 -0.1939 -0.9622
vn 0.1804 -0.3805 -0.9070
vn 0.1626 -0.5528 -0.8173
vn 0.1385 -0.7041 -0.6965
vn 0.1092 -0.8286 -0.5490
vn 0.0757 -0.9217 -0.3804
vn 0.0392 -0.9796 -0.1971
vn 0.0769 0.9796 -0.1857
vn 0.1484 0.9217 -0.3584
vn 0.2142 0.8286 -0.5172
vn 0.2718 0.7041 -0.6561
vn 0.3189 0.5528 -0.7699
vn 0.3539 0.3805 -0.8544
vn 0.3754 0.1939 -0.9063
vn 0.3827 -0.0000 -0.9239
vn 0.3754 -0.1939 -0.9063
vn 0.3539 -0.3805 -0.8544
vn 0.3189 -0.5528 -0.7699
vn 0.2718 -0.7041 -0.6561
vn 0.2142 -0.8286 -0.5172
vn 0.1484 -0.9217 -0.3584
vn 0.0769 -0.9796 -0.1857
vn 0.1117 0.9796 -0.1671
vn 0.2155 0.9217 -0.3225
vn 0.3110 0.8286 -0.4654
vn 0.3945 0.7041 -0.5905
vn 0.4630 0.5528 -0.6929
vn 0.5138 0.3805 -0.7689
vn 0.5450 0.1939 -0.8157
vn 0.5556 -0.0000 -0.8315
vn 0.5450 -0.1939 -0.8157
vn 0.5138 -0.3805 -0.7689
vn 0.4630 -0.5528 -0.6929
vn 0.3945 -0.7041 -0.5905
vn 0.3110 -0.8286 -0.4654
vn 0.2155 -0.9217 -0.3225
vn 0.1117 -0.9796 -0.1671
vn 0.1421 0.9796 -0.1421
vn 0.2743 0.9217 -0.2743
vn 0.3958 0.8286 -0.3958
vn 0.5021 0.7041 -0.5021
vn 0.5893 0.5528 -0.5893
vn 0.6539 0.3805 -0.6539
vn 0.6937 0.1939 -0.6937
vn 0.7071 -0.0000 -0.7071
vn 0.6937 -0.1939 -0.6937
vn 0.6539 -0.3805 -0.6539
vn 0.5893 -0.5528 -0.5893
vn 0.5021 -0.7041 -0.5021
vn 0.3958 -0.8286 -0.3958
vn 0.2743 -0.9217 -0.2743
vn 0.1421 -0.9796 -0.1421
vn 0.1671 0.9796 -0.1117
vn 0.3225 0.9217 -0.2155
vn 0.4654 0.8286 -0.3110
vn 0.5905 0.7041 -0.3945
vn 0.6929 0.5528 -0.4630
vn 0.7689 0.3805 -0.5138
vn 0.8157 0.1939 -0.5450
vn 0.8315 -0.0000 -0.5556
vn 0.8157 -0.1939 -0.5450
vn 0.7689 -0.3805 -0.5138
vn 0.6929 -0.5528 -0.4630
vn 0.5905 -0.7041 -0.3945
vn 0.4654 -0.8286 -0.3110
vn 0.3225 -0.9217 -0.2155
vn 0.1671 -0.9796 -0.1117
vn 0.1857 0.9796 -0.0769
vn 0.3584 0.9217 -0.1484
vn 0.5172 0.8286 -0.2142
vn 0.6561 0.7041 -0.2718
vn 0.7699 0.5528 -0.3189
vn 0.8544 0.3805 -0.3539
vn 0.9063 0.1939 -0.3754
vn 0.9239 -0.0000 -0.3827
vn 0.9063 -0.1939 -0.3754
vn 0.8544 -0.3805 -0.3539
vn 0.7699 -0.5528 -0.3189
vn 0.6561 -0.7041 -0.2718
vn 0.5172 -0.8286 -0.2142
vn 0.3584 -0.9217 -0.1484
vn 0.1857 -0.9796 -0.0769
vn 0.1971 0.9796 -0.0392
vn 0.3804 0.9217 -0.0757
vn 0.5490 0.8286 -0.1092
vn 0.6965 0.7041 -0.1385
vn 0.8173 0.5528 -0.1626
vn 0.9070 0.3805 -0.1804
vn 0.9622 0.1939 -0.1914
vn 0.9808 -0.0000 -0.1951
vn 0.9622 -0.1939 -0.1914
vn 0.9070 -0.3805 -0.1804
vn 0.8173 -0.5528 -0.1626
vn 0.6965 -0.7041 -0.1385
vn 0.5490 -0.8286 -0.1092
vn 0.3804 -0.9217 -0.0757
vn 0.1971 -0.9796 -0.0392
vn 0.2010 0.9796 -0.0000
vn 0.3879 0.9217 -0.0000
vn 0.5598 0.8286 -0.0000
vn 0.7101 0.7041 -0.0000
vn 0.8333 0.5528 -0.0000
vn 0.9248 0.3805 -0.0000
vn 0.9810 0.1939 -0.0000
vn 1.0000 -0.0000 -0.0000
vn 0.9810 -0.1939 -0.0000
vn 0.9248 -0.3805 -0.0000
vn 0.8333 -0.5528 -0.0000
vn 0.7101 -0.7041 -0.0000
vn 0.5598 -0.8286 -0.0000
vn 0.3879 -0.9217 -0.0000
vn 0.2010 -0.9796 -0.0000
vn 0.1971 0.9796 0.0392
vn 0.3804 0.9217 0.0757
vn 0.5490 0.8286 0.1092
vn 0.6965 0.7041 0.1385
vn 0.8173 0.5528 0.1626
vn 0.9070 0.3805 0.1804
vn 0.9622 0.1939 0.1914
vn 0.9808 -0.0000 0.1951
vn 0.9622 -0.1939 0.1914
vn 0.9070 -0.3805 0.1804
vn 0.8173 -0.5528 0.1626
vn 0.6965 -0.7041 0.1385
vn 0.5490 -0.8286 0.1092
vn 0.3804 -0.9217 0.0757
vn 0.1971 -0.9796 0.0392
vn 0.1857 0.9796 0.0769
vn 0.3584 0.9217 0.1484
vn 0.5172 0.8286 0.2142
vn 0.6561 0.7041 0.2718
vn 0.7699 0.5528 0.3189
vn 0.8544 0.3805 0.3539
vn 0.9063 0.1939 0.3754
vn 0.9239 -0.0000 0.3827
vn 0.9063 -0.1939 0.3754
vn 0.8544 -0.3805 0.3539
vn 0.7699 -0.5528 0.3189
vn 0.6561 -0.7041 0.2718
vn 0.5172 -0.8286 0.2142
vn 0.3584 -0.9217 0.1484
vn 0.1857 -0.9796 0.0769
vn 0.1671 0.9796 0.1117
vn 0.3225 0.9217 0.2155
vn 0.4654 0.8286 0.3110
vn 0.5905 0.7041 0.3945
vn 0.6929 0.5528 0.4630
vn 0.7689 0.3805 0.5138
vn 0.8157 0.1939 0.5450
vn 0.8315 -0.0000 0.5556
vn 0.8157 -0.1939 0.5450
vn 0.7689 -0.3805 0.5138
vn 0.6929 -0.5528 0.4630
vn 0.5905 -0.7041 0.3945
vn 0.4654 -0.8286 0.3110
vn 0.3225 -0.9217 0.2155
vn 0.1671 -0.9796 0.1117
vn 0.1421 0.9796 0.1421
vn 0.2743 0.9217 0.2743
vn 0.3958 0.8286 0.3958
vn 0.5021 0.7041 0.5021
vn 0.5893 0.5528 0.5893
vn 0.6539 0.3805 0.6539
vn 0.6937 0.1939 0.6937
vn 0.7071 -0.0000 0.7071
vn 0.6937 -0.1939 0.6937
vn 0.6539 -0.3805 0.6539
vn 0.5893 -0.5528 0.5893
vn 0.5021 -0.7041 0.5021
vn 0.3958 -0.8286 0.3958
vn 0.2743 -0.9217 0.2743
vn 0.1421 -0.9796 0.1421
vn 0.1117 0.9796 0.1671
vn 0.2155 0.9217 0.3225
vn 0.3110 0.8286 0.4654
vn 0.3945 0.7041 0.5905
vn 0.4630 0.5528 0.6929
vn 0.5138 0.3805 0.7689
vn 0.5450 0.1939 0.8157
vn 0.5556 -0.0000 0.8315
vn 0.5450 -0.1939 0.8157
vn 0.5138 -0.3805 0.7689
vn 0.4630 -0.5528 0.6929
vn 0.3945 -0.7041 0.5905
vn 0.3110 -0.8286 0.4654
vn 0.2155 -0.9217 0.3225
vn 0.1117 -0.9796 0.1671
vn 0.0769 0.9796 0.1857
vn 0.1484 0.9217 0.3584
vn 0.2142 0.8286 0.5172
vn 0.2718 0.7041 0.6561
vn 0.3189 0.5528 0.7699
vn 0.3539 0.3805 0.8544
vn 0.3754 0.1939 0.9063
vn 0.3827 -0.0000 0.9239
vn 0.3754 -0.1939 0.9063
vn 0.3539 -0.3805 0.8544
vn 0.3189 -0.5528 0.7699
vn 0.2718 -0.7041 0.6561
vn 0.2142 -0.8286 0.5172
vn 0.1484 -0.9217 0.3584
vn 0.0769 -0.9796 0.1857
vn 0.0392 0.9796 0.1971
vn 0.0757 0.9217 0.3804
vn 0.1092 0.8286 0.5490
vn 0.1385 0.7041 0.6965
vn 0.1626 0.5528 0.8173
vn 0.1804 0.3805 0.9070
vn 0.1914 0.1939 0.9622
vn 0.1951 -0.0000 0.9808
vn 0.1914 -0.1939 0.9622
vn 0.1804 -0.3805 0.9070
vn 0.1626 -0.5528 0.8173
vn 0.1385 -0.7041 0.6965
vn 0.1092 -0.8286 0.5490
vn 0.0757 -0.9217 0.3804
vn 0.0392 -0.9796 0.1971
vn -0.0000 0.9796 0.2010
vn -0.0000 0.9217 0.3879
vn -0.0000 0.8286 0.5598
vn -0.0000 0.7041 0.7101
vn -0.0000 0.5528 0.8333
vn -0.0000 0.3805 0.9248
vn -0.0000 0.1939 0.9810
vn -0.0000 -0.0000 1.0000
vn -0.0000 -0.1939 0.9810
vn -0.0000 -0.3805 0.9248
vn -0.0000 -0.5528 0.8333
vn -0.0000 -0.7041 0.7101
vn -0.0000 -0.8286 0.5598
vn -0.0000 -0.9217 0.3879
vn -0.0000 -0.9796 0.2010
vn -0.0392 0.9796 0.1971
vn -0.0757 0.9217 0.3804
vn -0.1092 0.8286 0.5490
vn -0.1385 0.7041 0.6965
vn -0.1626 0.5528 0.8173
vn -0.1804 0.3805 0.9070
vn -0.1914 0.1939 0.9622
vn -0.1951 -0.0000 0.9808
vn -0.1914 -0.1939 0.9622
vn -0.1804 -0.3805 0.9070
vn -0.1626 -0.5528 0.8173
vn -0.1385 -0.7041 0.6965
vn -0.1092 -0.8286 0.5490
vn -0.0757 -0.9217 0.3804
vn -0.0392 -0.9796 0.1971
vn -0.0769 0.9796 0.1857
vn -0.1484 0.9217 0.3584
vn -0.2142 0.8286 0.5172
vn -0.2718 0.7041 0.6561
vn -0.3189 0.5528 0.7699
vn -0.3539 0.3805 0.8544
vn -0.3754 0.1939 0.9063
vn -0.3827 -0.0000 0.9239
vn -0.3754 -0.1939 0.9063
vn -0.3539 -0.3805 0.8544
vn -0.3189 -0.5528 0.7699
vn -0.2718 -0.7041 0.6561
vn -0.2142 -0.8286 0.5172
vn -0.1484 -0.9217 0.3584
vn -0.0769 -0.9796 0.1857
vn -0.1117 0.9796 0.1671
vn -0.2155 0.9217 0.3225
vn -0.3110 0.8286 0.4654
vn -0.3945 0.7041 0.5905
vn -0.4630 0.5528 0.6929
vn -0.5138 0.3805 0.7689
vn -0.5450 0.1939 0.8157
vn -0.5556 -0.0000 0.8315
vn -0.5450 -0.1939 0.8157
vn -0.5138 -0.3805 0.7689
vn -0.4630 -0.5528 0.6929
vn -0.3945 -0.7041 0.5905
vn -0.3110 -0.8286 0.4654
vn -0.2155 -0.9217 0.3225
vn -0.1117 -0.9796 0.1671
vn -0.1421 0.9796 0.1421
vn -0.2743 0.9217 0.2743
vn -0.3958 0.8286 0.3958
vn -0.5021 0.7041 0.5021
vn -0.5893 0.5528 0.5893
vn -0.6539 0.3805 0.6539
vn -0.6937 0.1939 0.6937
vn -0.7071 -0.0000 0.7071
vn -0.6937 -0.1939 0.6937
vn -0.6539 -0.3805 0.6539
vn -0.5893 -0.5528 0.5893
vn -0.5021 -0.7041 0.5021
vn -0.3958 -0.8286 0.3958
vn -0.2743 -0.9217 0.2743
vn -0.1421 -0.9796 0.1421
vn -0.1671 0.9796 0.1117
vn -0.3225 0.9217 0.2155
vn -0.4654 0.8286 0.3110
vn -0.5905 0.7041 0.3945
vn -0.6929 0.5528 0.4630
vn -0.7689 0.3805 0.5138
vn -0.8157 0.1939 0.5450
vn -0.8315 -0.0000 0.5556
vn -0.8157 -0.1939 0.5450
vn -0.7689 -0.3805 0.5138
vn -0.6929 -0.5528 0.4630
vn -0.5905 -0.7041 0.3945
vn -0.4654 -0.8286 0.3110
vn -0.3225 -0.9217 0.2155
vn -0.1671 -0.9796 0.1117
vn -0.1857 0.9796 0.0769
vn -0.3584 0.9217 0.1484
vn -0.5172 0.8286 0.2142
vn -0.6561 0.7041 0.2718
vn -0.7699 0.5528 0.3189
vn -0.8544 0.3805 0.3539
vn -0.9063 0.1939 0.3754
vn -0.9239 -0.0000 0.3827
vn -0.9063 -0.1939 0.3754
vn -0.8544 -0.3805 0.3539
vn -0.7699 -0.5528 0.3189
vn -0.6561 -0.7041 0.2718
vn -0.5172 -0.8286 0.2142
vn -0.3584 -0.9217 0.1484
vn -0.1857 -0.9796 0.0769
vn -0.1971 0.9796 0.0392
vn -0.3804 0.9217 0.0757
vn -0.5490 0.8286 0.1092
vn -0.6965 0.7041 0.1385
vn -0.8173 0.5528 0.1626
vn -0.9070 0.3805 0.1804
vn -0.9622 0.1939 0.1914
vn -0.9808 -0.0000 0.1951
vn -0.9622 -0.1939 0.1914
vn -0.9070 -0.3805 0.1804
vn -0.8173 -0.5528 0.1626
vn -0.6965 -0.7041 0.1385
vn -0.5490 -0.8286 0.1092
vn -0.3804 -0.9217 0.0757
vn -0.1971 -0.9796 0.0392
vn -0.2010 0.9796 -0.0000
vn -0.3879 0.9217 -0.0000
vn -0.5598 0.8286 -0.0000
vn -0.7101 0.7041 -0.0000
vn -0.8333 0.5528 -0.0000
vn -0.9248 0.3805 -0.0000
vn -0.9810 0.1939 -0.0000
vn -1.0000 -0.0000 -0.0000
vn -0.9810 -0.1939 -0.0000
vn -0.9248 -0.3805 -0.0000
vn -0.8333 -0.5528 -0.0000
vn -0.7101 -0.7041 -0.0000
vn -0.5598 -0.8286 -0.0000
vn -0.3879 -0.9217 -0.0000
vn -0.2010 -0.9796 -0.0000
vn -0.1971 0.9796 -0.0392
vn -0.3804 0.9217 -0.0757
vn -0.5490 0.8286 -0.1092
vn -0.6965 0.7041 -0.1385
vn -0.8173 0.5528 -0.1626
vn -0.9070 0.3805 -0.1804
vn -0.9622 0.1939 -0.1914
vn -0.9808 -0.0000 -0.1951
vn -0.9622 -0.1939 -0.1914
vn -0.9070 -0.3805 -0.1804
vn -0.8173 -0.5528 -0.1626
vn -0.6965 -0.7041 -0.1385
vn -0.5490 -0.8286 -0.1092
vn -0.3804 -0.9217 -0.0757
vn -0.1971 -0.9796 -0.0392
vn -0.1857 0.9796 -0.0769
vn -0.3584 0.9217 -0.1484
vn -0.5172 0.8286 -0.2142
vn -0.6561 0.7041 -0.2718
vn -0.7699 0.5528 -0.3189
vn -0.8544 0.3805 -0.3539
vn -0.9063 0.1939 -0.3754
vn -0.9239 -0.0000 -0.3827
vn -0.9063 -0.1939 -0.3754
vn -0.8544 -0.3805 -0.3539
vn -0.7699 -0.5528 -0.3189
vn -0.6561 -0.7041 -0.2718
vn -0.5172 -0.8286 -0.2142
vn -0.3584 -0.9217 -0.1484
vn -0.1857 -0.9796 -0.0769
vn -0.1671 0.9796 -0.1117
vn -0.3225 0.9217 -0.2155
vn -0.4654 0.8286 -0.3110
vn -0.5905 0.7041 -0.3945
vn -0.6929 0.5528 -0.4630
vn -0.7689 0.3805 -0.5138
vn -0.8157 0.1939 -0.5450
vn -0.8315 -0.0000 -0.5556
vn -0.8157 -0.1939 -0.5450
vn -0.7689 -0.3805 -0.5138
vn -0.6929 -0.5528 -0.4630
vn -0.5905 -0.7041 -0.3945
vn -0.4654 -0.8286 -0.3110
vn -0.3225 -0.9217 -0.2155
vn -0.1671 -0.9796 -0.1117
vn -0.1421 0.9796 -0.1421
vn -0.2743 0.9217 -0.2743
vn -0.3958 0.8286 -0.3958
vn -0.5021 0.7041 -0.5021
vn -0.5893 0.5528 -0.5893
vn -0.6539 0.3805 -0.6539
vn -0.6937 0.1939 -0.6937
vn -0.7071 -0.0000 -0.7071
vn -0.6937 -0.1939 -0.6937
vn -0.6539 -0.3805 -0.6539
vn -0.5893 -0.5528 -0.5893
vn -0.5021 -0.7041 -0.5021
vn -0.3958 -0.8286 -0.3958
vn -0.2743 -0.9217 -0.2743
vn -0.1421 -0.9796 -0.1421
vn -0.1117 0.9796 -0.1671
vn -0.2155 0.9217 -0.3225
vn -0.3110 0.8286 -0.4654
vn -0.3945 0.7041 -0.5905
vn -0.4630 0.5528 -0.6929
vn -0.5138 0.3805 -0.7689
vn -0.5450 0.1939 -0.8157
vn -0.5556 -0.0000 -0.8315
vn -0.5450 -0.1939 -0.8157
vn -0.5138 -0.3805 -0.7689
vn -0.4630 -0.5528 -0.6929
vn -0.3945 -0.7041 -0.5905
vn -0.3110 -0.8286 -0.4654
vn -0.2155 -0.9217 -0.3225
vn -0.1117 -0.9796 -0.1671
vn -0.0769 0.9796 -0.1857
vn -0.1484 0.9217 -0.3584
vn -0.2142 0.8286 -0.5172
vn -0.2718 0.7041 -0.6561
vn -0.3189 0.5528 -0.7699
vn -0.3539 0.3805 -0.8544
vn -0.3754 0.1939 -0.9063
vn -0.3827 -0.0000 -0.9239
vn -0.3754 -0.1939 -0.9063
vn -0.3539 -0.3805 -0.8544
vn -0.3189 -0.5528 -0.7699
vn -0.2718 -0.7041 -0.6561
vn -0.2142 -0.8286 -0.5172
vn -0.1484 -0.9217 -0.3584
vn -0.0769 -0.9796 -0.1857
vn -0.0392 0.9796 -0.1971
vn -0.0757 0.9217 -0.3804
vn -0.1092 0.8286 -0.5490
vn -0.1385 0.7041 -0.6965
vn -0.1626 0.5528 -0.8173
vn -0.1804 0.3805 -0.9070
vn -0.1914 0.1939 -0.9622
vn -0.1951 -0.0000 -0.9808
vn -0.1914 -0.1939 -0.9622
vn -0.1804 -0.3805 -0.9070
vn -0.1626 -0.5528 -0.8173
vn -0.1385 -0.7041 -0.6965
vn -0.1092 -0.8286 -0.5490
vn -0.0757 -0.9217 -0.3804
vn -0.0392 -0.9796 -0.1971
vn -0.0000 0.9796 -0.2010
vn -0.0000 0.9217 -0.3879
vn -0.0000 0.7041 -0.7101
vn -0.0000 0.3805 -0.9248
vn -0.0000 -0.3805 -0.9248
vn -0.0000 -0.7041 -0.7101
vn -0.0000 -0.8286 -0.5598
vn -0.0000 -0.9217 -0.3879
vn -0.0000 -0.9796 -0.2010
vt 0.149601 0.898880
vt 0.149601 0.905068
vt 0.146508 0.905068
vt 0.146508 0.898880
vt 0.149601 0.849383
vt 0.149601 0.855570
vt 0.146508 0.855570
vt 0.146508 0.849383
vt 0.149601 0.892693
vt 0.146508 0.892693
vt 0.149601 0.843196
vt 0.146508 0.843196
vt 0.149601 0.886506
vt 0.146508 0.886506
vt 0.149601 0.837009
vt 0.146508 0.837009
vt 0.149601 0.880319
vt 0.146508 0.880319
vt 0.149601 0.830821
vt 0.146508 0.830821
vt 0.149601 0.874132
vt 0.146508 0.874132
vt 0.149601 0.824634
vt 0.146508 0.824634
vt 0.149601 0.867945
vt 0.146508 0.867945
vt 0.149601 0.911255
vt 0.148054 0.917442
vt 0.146508 0.911255
vt 0.148054 0.818447
vt 0.149601 0.861757
vt 0.146508 0.861757
vt 0.143414 0.911255
vt 0.143414 0.905068
vt 0.143414 0.861757
vt 0.143414 0.855570
vt 0.143414 0.898880
vt 0.143414 0.849383
vt 0.143414 0.892693
vt 0.143414 0.843196
vt 0.143414 0.886506
vt 0.143414 0.837009
vt 0.143414 0.880319
vt 0.143414 0.830821
vt 0.143414 0.874132
vt 0.143414 0.824634
vt 0.143414 0.867945
vt 0.144961 0.917442
vt 0.144961 0.818447
vt 0.140320 0.886506
vt 0.140320 0.880319
vt 0.140320 0.837009
vt 0.140320 0.830821
vt 0.140320 0.874132
vt 0.140320 0.824634
vt 0.140320 0.867945
vt 0.141867 0.917442
vt 0.140320 0.911255
vt 0.141867 0.818447
vt 0.140320 0.861757
vt 0.140320 0.905068
vt 0.140320 0.855570
vt 0.140320 0.898880
vt 0.140320 0.849383
vt 0.140320 0.892693
vt 0.140320 0.843196
vt 0.137227 0.861757
vt 0.137227 0.855570
vt 0.137227 0.905068
vt 0.137227 0.898880
vt 0.137227 0.849383
vt 0.137227 0.892693
vt 0.137227 0.843196
vt 0.137227 0.886506
vt 0.137227 0.837009
vt 0.137227 0.880319
vt 0.137227 0.830821
vt 0.137227 0.874132
vt 0.137227 0.824634
vt 0.137227 0.867945
vt 0.138774 0.917442
vt 0.137227 0.911255
vt 0.138774 0.818447
vt 0.134133 0.837009
vt 0.134133 0.830821
vt 0.134133 0.880319
vt 0.134133 0.874132
vt 0.134133 0.824634
vt 0.134133 0.867945
vt 0.135680 0.917442
vt 0.134133 0.911255
vt 0.135680 0.818447
vt 0.134133 0.861757
vt 0.134133 0.905068
vt 0.134133 0.855570
vt 0.134133 0.898880
vt 0.134133 0.849383
vt 0.134133 0.892693
vt 0.134133 0.843196
vt 0.134133 0.886506
vt 0.131040 0.905068
vt 0.131040 0.898880
vt 0.131040 0.855570
vt 0.131040 0.849383
vt 0.131040 0.892693
vt 0.131040 0.843196
vt 0.131040 0.886506
vt 0.131040 0.837009
vt 0.131040 0.880319
vt 0.131040 0.830821
vt 0.131040 0.874132
vt 0.131040 0.824634
vt 0.131040 0.867945
vt 0.132586 0.917442
vt 0.131040 0.911255
vt 0.132586 0.818447
vt 0.131040 0.861757
vt 0.127946 0.880319
vt 0.127946 0.874132
vt 0.127946 0.830821
vt 0.127946 0.824634
vt 0.127946 0.867945
vt 0.129493 0.917442
vt 0.127946 0.911255
vt 0.129493 0.818447
vt 0.127946 0.861757
vt 0.127946 0.905068
vt 0.127946 0.855570
vt 0.127946 0.898880
vt 0.127946 0.849383
vt 0.127946 0.892693
vt 0.127946 0.843196
vt 0.127946 0.886506
vt 0.127946 0.837009
vt 0.124853 0.855570
vt 0.124853 0.849383
vt 0.124853 0.898880
vt 0.124853 0.892693
vt 0.124853 0.843196
vt 0.124853 0.886506
vt 0.124853 0.837009
vt 0.124853 0.880319
vt 0.124853 0.830821
vt 0.124853 0.874132
vt 0.124853 0.824634
vt 0.124853 0.867945
vt 0.126399 0.917442
vt 0.124853 0.911255
vt 0.126399 0.818447
vt 0.124853 0.861757
vt 0.124853 0.905068
vt 0.121759 0.830821
vt 0.121759 0.824634
vt 0.121759 0.874132
vt 0.121759 0.867945
vt 0.123306 0.917442
vt 0.121759 0.911255
vt 0.123306 0.818447
vt 0.121759 0.861757
vt 0.121759 0.905068
vt 0.121759 0.855570
vt 0.121759 0.898880
vt 0.121759 0.849383
vt 0.121759 0.892693
vt 0.121759 0.843196
vt 0.121759 0.886506
vt 0.121759 0.837009
vt 0.121759 0.880319
vt 0.118665 0.849383
vt 0.118665 0.843196
vt 0.118665 0.892693
vt 0.118665 0.886506
vt 0.118665 0.837009
vt 0.118665 0.880319
vt 0.118665 0.830821
vt 0.118665 0.874132
vt 0.118665 0.824634
vt 0.118665 0.867945
vt 0.120212 0.917442
vt 0.118665 0.911255
vt 0.120212 0.818447
vt 0.118665 0.861757
vt 0.118665 0.905068
vt 0.118665 0.855570
vt 0.118665 0.898880
vt 0.117119 0.917442
vt 0.115572 0.911255
vt 0.117119 0.818447
vt 0.115572 0.824634
vt 0.115572 0.867945
vt 0.115572 0.861757
vt 0.115572 0.905068
vt 0.115572 0.855570
vt 0.115572 0.898880
vt 0.115572 0.849383
vt 0.115572 0.892693
vt 0.115572 0.843196
vt 0.115572 0.886506
vt 0.115572 0.837009
vt 0.115572 0.880319
vt 0.115572 0.830821
vt 0.115572 0.874132
vt 0.112478 0.892693
vt 0.112478 0.886506
vt 0.112478 0.843196
vt 0.112478 0.837009
vt 0.112478 0.880319
vt 0.112478 0.830821
vt 0.112478 0.874132
vt 0.112478 0.824634
vt 0.112478 0.867945
vt 0.114025 0.917442
vt 0.112478 0.911255
vt 0.114025 0.818447
vt 0.112478 0.861757
vt 0.112478 0.905068
vt 0.112478 0.855570
vt 0.112478 0.898880
vt 0.112478 0.849383
vt 0.109385 0.867945
vt 0.109385 0.861757
vt 0.109385 0.911255
vt 0.109385 0.905068
vt 0.109385 0.855570
vt 0.109385 0.898880
vt 0.109385 0.849383
vt 0.109385 0.892693
vt 0.109385 0.843196
vt 0.109385 0.886506
vt 0.109385 0.837009
vt 0.109385 0.880319
vt 0.109385 0.830821
vt 0.109385 0.874132
vt 0.109385 0.824634
vt 0.110931 0.917442
vt 0.110931 0.818447
vt 0.106291 0.843196
vt 0.106291 0.837009
vt 0.106291 0.886506
vt 0.106291 0.880319
vt 0.106291 0.830821
vt 0.106291 0.874132
vt 0.106291 0.824634
vt 0.106291 0.867945
vt 0.107838 0.917442
vt 0.106291 0.911255
vt 0.107838 0.818447
vt 0.106291 0.861757
vt 0.106291 0.905068
vt 0.106291 0.855570
vt 0.106291 0.898880
vt 0.106291 0.849383
vt 0.106291 0.892693
vt 0.103197 0.911255
vt 0.103197 0.905068
vt 0.103197 0.861757
vt 0.103197 0.855570
vt 0.103197 0.898880
vt 0.103197 0.849383
vt 0.103197 0.892693
vt 0.103197 0.843196
vt 0.103197 0.886506
vt 0.103197 0.837009
vt 0.103197 0.880319
vt 0.103197 0.830821
vt 0.103197 0.874132
vt 0.103197 0.824634
vt 0.103197 0.867945
vt 0.104744 0.917442
vt 0.104744 0.818447
vt 0.100104 0.886506
vt 0.100104 0.880319
vt 0.100104 0.837009
vt 0.100104 0.830821
vt 0.100104 0.874132
vt 0.100104 0.824634
vt 0.100104 0.867945
vt 0.101651 0.917442
vt 0.100104 0.911255
vt 0.101651 0.818447
vt 0.100104 0.861757
vt 0.100104 0.905068
vt 0.100104 0.855570
vt 0.100104 0.898880
vt 0.100104 0.849383
vt 0.100104 0.892693
vt 0.100104 0.843196
vt 0.097010 0.861757
vt 0.097010 0.855570
vt 0.097010 0.905068
vt 0.097010 0.898880
vt 0.097010 0.849383
vt 0.097010 0.892693
vt 0.097010 0.843196
vt 0.097010 0.886506
vt 0.097010 0.837009
vt 0.097010 0.880319
vt 0.097010 0.830821
vt 0.097010 0.874132
vt 0.097010 0.824634
vt 0.097010 0.867945
vt 0.098557 0.917442
vt 0.097010 0.911255
vt 0.098557 0.818447
vt 0.093917 0.837009
vt 0.093917 0.830821
vt 0.093917 0.880319
vt 0.093917 0.874132
vt 0.093917 0.824634
vt 0.093917 0.867945
vt 0.095463 0.917442
vt 0.093917 0.911255
vt 0.095463 0.818447
vt 0.093917 0.861757
vt 0.093917 0.905068
vt 0.093917 0.855570
vt 0.093917 0.898880
vt 0.093917 0.849383
vt 0.093917 0.892693
vt 0.093917 0.843196
vt 0.093917 0.886506
vt 0.090823 0.855570
vt 0.090823 0.849383
vt 0.090823 0.898880
vt 0.090823 0.892693
vt 0.090823 0.843196
vt 0.090823 0.886506
vt 0.090823 0.837009
vt 0.090823 0.880319
vt 0.090823 0.830821
vt 0.090823 0.874132
vt 0.090823 0.824634
vt 0.090823 0.867945
vt 0.092370 0.917442
vt 0.090823 0.911255
vt 0.092370 0.818447
vt 0.090823 0.861757
vt 0.090823 0.905068
vt 0.087729 0.830821
vt 0.087729 0.824634
vt 0.087729 0.874132
vt 0.087729 0.867945
vt 0.089276 0.917442
vt 0.087729 0.911255
vt 0.089276 0.818447
vt 0.087729 0.861757
vt 0.087729 0.905068
vt 0.087729 0.855570
vt 0.087729 0.898880
vt 0.087729 0.849383
vt 0.087729 0.892693
vt 0.087729 0.843196
vt 0.087729 0.886506
vt 0.087729 0.837009
vt 0.087729 0.880319
vt 0.084636 0.898880
vt 0.084636 0.892693
vt 0.084636 0.849383
vt 0.084636 0.843196
vt 0.084636 0.886506
vt 0.084636 0.837009
vt 0.084636 0.880319
vt 0.084636 0.830821
vt 0.084636 0.874132
vt 0.084636 0.824634
vt 0.084636 0.867945
vt 0.086183 0.917442
vt 0.084636 0.911255
vt 0.086183 0.818447
vt 0.084636 0.861757
vt 0.084636 0.905068
vt 0.084636 0.855570
vt 0.081542 0.874132
vt 0.081542 0.867945
vt 0.083089 0.917442
vt 0.081542 0.911255
vt 0.083089 0.818447
vt 0.081542 0.824634
vt 0.081542 0.861757
vt 0.081542 0.905068
vt 0.081542 0.855570
vt 0.081542 0.898880
vt 0.081542 0.849383
vt 0.081542 0.892693
vt 0.081542 0.843196
vt 0.081542 0.886506
vt 0.081542 0.837009
vt 0.081542 0.880319
vt 0.081542 0.830821
vt 0.078449 0.849383
vt 0.078449 0.843196
vt 0.078449 0.892693
vt 0.078449 0.886506
vt 0.078449 0.837009
vt 0.078449 0.880319
vt 0.078449 0.830821
vt 0.078449 0.874132
vt 0.078449 0.824634
vt 0.078449 0.867945
vt 0.079996 0.917442
vt 0.078449 0.911255
vt 0.079996 0.818447
vt 0.078449 0.861757
vt 0.078449 0.905068
vt 0.078449 0.855570
vt 0.078449 0.898880
vt 0.076902 0.917442
vt 0.075355 0.911255
vt 0.076902 0.818447
vt 0.075355 0.824634
vt 0.075355 0.867945
vt 0.075355 0.861757
vt 0.075355 0.905068
vt 0.075355 0.855570
vt 0.075355 0.898880
vt 0.075355 0.849383
vt 0.075355 0.892693
vt 0.075355 0.843196
vt 0.075355 0.886506
vt 0.075355 0.837009
vt 0.075355 0.880319
vt 0.075355 0.830821
vt 0.075355 0.874132
vt 0.174350 0.886506
vt 0.174350 0.892693
vt 0.171256 0.892693
vt 0.171256 0.886506
vt 0.174350 0.837009
vt 0.174350 0.843196
vt 0.171256 0.843196
vt 0.171256 0.837009
vt 0.174350 0.880319
vt 0.171256 0.880319
vt 0.174350 0.830821
vt 0.171256 0.830821
vt 0.174350 0.874132
vt 0.171256 0.874132
vt 0.174350 0.824634
vt 0.171256 0.824634
vt 0.174350 0.867945
vt 0.171256 0.867945
vt 0.174350 0.911255
vt 0.172803 0.917442
vt 0.171256 0.911255
vt 0.172803 0.818447
vt 0.174350 0.861757
vt 0.171256 0.861757
vt 0.174350 0.905068
vt 0.171256 0.905068
vt 0.174350 0.855570
vt 0.171256 0.855570
vt 0.174350 0.898880
vt 0.171256 0.898880
vt 0.174350 0.849383
vt 0.171256 0.849383
vt 0.168163 0.867945
vt 0.168163 0.861757
vt 0.168163 0.911255
vt 0.168163 0.905068
vt 0.168163 0.855570
vt 0.168163 0.898880
vt 0.168163 0.849383
vt 0.168163 0.892693
vt 0.168163 0.843196
vt 0.168163 0.886506
vt 0.168163 0.837009
vt 0.168163 0.880319
vt 0.168163 0.830821
vt 0.168163 0.874132
vt 0.168163 0.824634
vt 0.169710 0.917442
vt 0.169710 0.818447
vt 0.165069 0.843196
vt 0.165069 0.837009
vt 0.165069 0.886506
vt 0.165069 0.880319
vt 0.165069 0.830821
vt 0.165069 0.874132
vt 0.165069 0.824634
vt 0.165069 0.867945
vt 0.166616 0.917442
vt 0.165069 0.911255
vt 0.166616 0.818447
vt 0.165069 0.861757
vt 0.165069 0.905068
vt 0.165069 0.855570
vt 0.165069 0.898880
vt 0.165069 0.849383
vt 0.165069 0.892693
vt 0.161976 0.861757
vt 0.161976 0.855570
vt 0.161976 0.905068
vt 0.161976 0.898880
vt 0.161976 0.849383
vt 0.161976 0.892693
vt 0.161976 0.843196
vt 0.161976 0.886506
vt 0.161976 0.837009
vt 0.161976 0.880319
vt 0.161976 0.830821
vt 0.161976 0.874132
vt 0.161976 0.824634
vt 0.161976 0.867945
vt 0.163522 0.917442
vt 0.161976 0.911255
vt 0.163522 0.818447
vt 0.158882 0.837009
vt 0.158882 0.830821
vt 0.158882 0.880319
vt 0.158882 0.874132
vt 0.158882 0.824634
vt 0.158882 0.867945
vt 0.160429 0.917442
vt 0.158882 0.911255
vt 0.160429 0.818447
vt 0.158882 0.861757
vt 0.158882 0.905068
vt 0.158882 0.855570
vt 0.158882 0.898880
vt 0.158882 0.849383
vt 0.158882 0.892693
vt 0.158882 0.843196
vt 0.158882 0.886506
vt 0.155788 0.905068
vt 0.155788 0.898880
vt 0.155788 0.855570
vt 0.155788 0.849383
vt 0.155788 0.892693
vt 0.155788 0.843196
vt 0.155788 0.886506
vt 0.155788 0.837009
vt 0.155788 0.880319
vt 0.155788 0.830821
vt 0.155788 0.874132
vt 0.155788 0.824634
vt 0.155788 0.867945
vt 0.157335 0.917442
vt 0.155788 0.911255
vt 0.157335 0.818447
vt 0.155788 0.861757
vt 0.152695 0.880319
vt 0.152695 0.874132
vt 0.152695 0.830821
vt 0.152695 0.824634
vt 0.152695 0.867945
vt 0.154242 0.917442
vt 0.152695 0.911255
vt 0.154242 0.818447
vt 0.152695 0.861757
vt 0.152695 0.905068
vt 0.152695 0.855570
vt 0.152695 0.898880
vt 0.152695 0.849383
vt 0.152695 0.892693
vt 0.152695 0.843196
vt 0.152695 0.886506
vt 0.152695 0.837009
vt 0.151148 0.917442
vt 0.151148 0.818447
s 1
usemtl マテリアル
f 66/131/36 539/132/509 74/133/44 75/134/45
f 71/135/41 542/136/512 82/137/52 83/138/53
f 540/139/510 66/131/36 75/134/45 76/140/46
f 543/141/513 71/135/41 83/138/53 84/142/54
f 67/143/37 540/139/510 76/140/46 77/144/47
f 544/145/514 543/141/513 84/142/54 85/146/55
f 541/147/511 67/143/37 77/144/47 78/148/48
f 545/149/515 544/145/514 85/146/55 86/150/56
f 68/151/38 541/147/511 78/148/48 79/152/49
f 546/153/516 545/149/515 86/150/56 87/154/57
f 69/155/39 68/151/38 79/152/49 80/156/50
f 538/157/508 65/158/35 73/159/43
f 72/160/42 546/153/516 87/154/57
f 70/161/40 69/155/39 80/156/50 81/162/51
f 539/132/509 538/157/508 73/159/43 74/133/44
f 542/136/512 70/161/40 81/162/51 82/137/52
f 74/133/44 73/159/43 88/163/58 89/164/59
f 82/137/52 81/162/51 96/165/66 97/166/67
f 75/134/45 74/133/44 89/164/59 90/167/60
f 83/138/53 82/137/52 97/166/67 98/168/68
f 76/140/46 75/134/45 90/167/60 91/169/61
f 84/142/54 83/138/53 98/168/68 99/170/69
f 77/144/47 76/140/46 91/169/61 92/171/62
f 85/146/55 84/142/54 99/170/69 100/172/70
f 78/148/48 77/144/47 92/171/62 93/173/63
f 86/150/56 85/146/55 100/172/70 101/174/71
f 79/152/49 78/148/48 93/173/63 94/175/64
f 87/154/57 86/150/56 101/174/71 102/176/72
f 80/156/50 79/152/49 94/175/64 95/177/65
f 73/159/43 65/178/35 88/163/58
f 72/179/42 87/154/57 102/176/72
f 81/162/51 80/156/50 95/177/65 96/165/66
f 93/173/63 92/171/62 107/180/77 108/181/78
f 101/174/71 100/172/70 115/182/85 116/183/86
f 94/175/64 93/173/63 108/181/78 109/184/79
f 102/176/72 101/174/71 116/183/86 117/185/87
f 95/177/65 94/175/64 109/184/79 110/186/80
f 88/163/58 65/187/35 103/188/73
f 72/189/42 102/176/72 117/185/87
f 96/165/66 95/177/65 110/186/80 111/190/81
f 89/164/59 88/163/58 103/188/73 104/191/74
f 97/166/67 96/165/66 111/190/81 112/192/82
f 90/167/60 89/164/59 104/191/74 105/193/75
f 98/168/68 97/166/67 112/192/82 113/194/83
f 91/169/61 90/167/60 105/193/75 106/195/76
f 99/170/69 98/168/68 113/194/83 114/196/84
f 92/171/62 91/169/61 106/195/76 107/180/77
f 100/172/70 99/170/69 114/196/84 115/182/85
f 112/192/82 111/190/81 126/197/96 127/198/97
f 105/193/75 104/191/74 119/199/89 120/200/90
f 113/194/83 112/192/82 127/198/97 128/201/98
f 106/195/76 105/193/75 120/200/90 121/202/91
f 114/196/84 113/194/83 128/201/98 129/203/99
f 107/180/77 106/195/76 121/202/91 122/204/92
f 115/182/85 114/196/84 129/203/99 130/205/100
f 108/181/78 107/180/77 122/204/92 123/206/93
f 116/183/86 115/182/85 130/205/100 131/207/101
f 109/184/79 108/181/78 123/206/93 124/208/94
f 117/185/87 116/183/86 131/207/101 132/209/102
f 110/186/80 109/184/79 124/208/94 125/210/95
f 103/188/73 65/211/35 118/212/88
f 72/213/42 117/185/87 132/209/102
f 111/190/81 110/186/80 125/210/95 126/197/96
f 104/191/74 103/188/73 118/212/88 119/199/89
f 131/207/101 130/205/100 145/214/115 146/215/116
f 124/208/94 123/206/93 138/216/108 139/217/109
f 132/209/102 131/207/101 146/215/116 147/218/117
f 125/210/95 124/208/94 139/217/109 140/219/110
f 118/212/88 65/220/35 133/221/103
f 72/222/42 132/209/102 147/218/117
f 126/197/96 125/210/95 140/219/110 141/223/111
f 119/199/89 118/212/88 133/221/103 134/224/104
f 127/198/97 126/197/96 141/223/111 142/225/112
f 120/200/90 119/199/89 134/224/104 135/226/105
f 128/201/98 127/198/97 142/225/112 143/227/113
f 121/202/91 120/200/90 135/226/105 136/228/106
f 129/203/99 128/201/98 143/227/113 144/229/114
f 122/204/92 121/202/91 136/228/106 137/230/107
f 130/205/100 129/203/99 144/229/114 145/214/115
f 123/206/93 122/204/92 137/230/107 138/216/108
f 135/226/105 134/224/104 149/231/119 150/232/120
f 143/227/113 142/225/112 157/233/127 158/234/128
f 136/228/106 135/226/105 150/232/120 151/235/121
f 144/229/114 143/227/113 158/234/128 159/236/129
f 137/230/107 136/228/106 151/235/121 152/237/122
f 145/214/115 144/229/114 159/236/129 160/238/130
f 138/216/108 137/230/107 152/237/122 153/239/123
f 146/215/116 145/214/115 160/238/130 161/240/131
f 139/217/109 138/216/108 153/239/123 154/241/124
f 147/218/117 146/215/116 161/240/131 162/242/132
f 140/219/110 139/217/109 154/241/124 155/243/125
f 133/221/103 65/244/35 148/245/118
f 72/246/42 147/218/117 162/242/132
f 141/223/111 140/219/110 155/243/125 156/247/126
f 134/224/104 133/221/103 148/245/118 149/231/119
f 142/225/112 141/223/111 156/247/126 157/233/127
f 154/241/124 153/239/123 168/248/138 169/249/139
f 162/242/132 161/240/131 176/250/146 177/251/147
f 155/243/125 154/241/124 169/249/139 170/252/140
f 148/245/118 65/253/35 163/254/133
f 72/255/42 162/242/132 177/251/147
f 156/247/126 155/243/125 170/252/140 171/256/141
f 149/231/119 148/245/118 163/254/133 164/257/134
f 157/233/127 156/247/126 171/256/141 172/258/142
f 150/232/120 149/231/119 164/257/134 165/259/135
f 158/234/128 157/233/127 172/258/142 173/260/143
f 151/235/121 150/232/120 165/259/135 166/261/136
f 159/236/129 158/234/128 173/260/143 174/262/144
f 152/237/122 151/235/121 166/261/136 167/263/137
f 160/238/130 159/236/129 174/262/144 175/264/145
f 153/239/123 152/237/122 167/263/137 168/248/138
f 161/240/131 160/238/130 175/264/145 176/250/146
f 173/260/143 172/258/142 187/265/157 188/266/158
f 166/261/136 165/259/135 180/267/150 181/268/151
f 174/262/144 173/260/143 188/266/158 189/269/159
f 167/263/137 166/261/136 181/268/151 182/270/152
f 175/264/145 174/262/144 189/269/159 190/271/160
f 168/248/138 167/263/137 182/270/152 183/272/153
f 176/250/146 175/264/145 190/271/160 191/273/161
f 169/249/139 168/248/138 183/272/153 184/274/154
f 177/251/147 176/250/146 191/273/161 192/275/162
f 170/252/140 169/249/139 184/274/154 185/276/155
f 163/254/133 65/277/35 178/278/148
f 72/279/42 177/251/147 192/275/162
f 171/256/141 170/252/140 185/276/155 186/280/156
f 164/257/134 163/254/133 178/278/148 179/281/149
f 172/258/142 171/256/141 186/280/156 187/265/157
f 165/259/135 164/257/134 179/281/149 180/267/150
f 192/275/162 191/273/161 206/282/176 207/283/177
f 185/276/155 184/274/154 199/284/169 200/285/170
f 178/278/148 65/286/35 193/287/163
f 72/288/42 192/275/162 207/283/177
f 186/280/156 185/276/155 200/285/170 201/289/171
f 179/281/149 178/278/148 193/287/163 194/290/164
f 187/265/157 186/280/156 201/289/171 202/291/172
f 180/267/150 179/281/149 194/290/164 195/292/165
f 188/266/158 187/265/157 202/291/172 203/293/173
f 181/268/151 180/267/150 195/292/165 196/294/166
f 189/269/159 188/266/158 203/293/173 204/295/174
f 182/270/152 181/268/151 196/294/166 197/296/167
f 190/271/160 189/269/159 204/295/174 205/297/175
f 183/272/153 182/270/152 197/296/167 198/298/168
f 191/273/161 190/271/160 205/297/175 206/282/176
f 184/274/154 183/272/153 198/298/168 199/284/169
f 204/295/174 203/293/173 218/299/188 219/300/189
f 197/296/167 196/294/166 211/301/181 212/302/182
f 205/297/175 204/295/174 219/300/189 220/303/190
f 198/298/168 197/296/167 212/302/182 213/304/183
f 206/282/176 205/297/175 220/303/190 221/305/191
f 199/284/169 198/298/168 213/304/183 214/306/184
f 207/283/177 206/282/176 221/305/191 222/307/192
f 200/285/170 199/284/169 214/306/184 215/308/185
f 193/287/163 65/309/35 208/310/178
f 72/311/42 207/283/177 222/307/192
f 201/289/171 200/285/170 215/308/185 216/312/186
f 194/290/164 193/287/163 208/310/178 209/313/179
f 202/291/172 201/289/171 216/312/186 217/314/187
f 195/292/165 194/290/164 209/313/179 210/315/180
f 203/293/173 202/291/172 217/314/187 218/299/188
f 196/294/166 195/292/165 210/315/180 211/301/181
f 208/310/178 65/316/35 223/317/193
f 72/318/42 222/307/192 237/319/207
f 216/312/186 215/308/185 230/320/200 231/321/201
f 209/313/179 208/310/178 223/317/193 224/322/194
f 217/314/187 216/312/186 231/321/201 232/323/202
f 210/315/180 209/313/179 224/322/194 225/324/195
f 218/299/188 217/314/187 232/323/202 233/325/203
f 211/301/181 210/315/180 225/324/195 226/326/196
f 219/300/189 218/299/188 233/325/203 234/327/204
f 212/302/182 211/301/181 226/326/196 227/328/197
f 220/303/190 219/300/189 234/327/204 235/329/205
f 213/304/183 212/302/182 227/328/197 228/330/198
f 221/305/191 220/303/190 235/329/205 236/331/206
f 214/306/184 213/304/183 228/330/198 229/332/199
f 222/307/192 221/305/191 236/331/206 237/319/207
f 215/308/185 214/306/184 229/332/199 230/320/200
f 227/328/197 226/326/196 241/333/211 242/334/212
f 235/329/205 234/327/204 249/335/219 250/336/220
f 228/330/198 227/328/197 242/334/212 243/337/213
f 236/331/206 235/329/205 250/336/220 251/338/221
f 229/332/199 228/330/198 243/337/213 244/339/214
f 237/319/207 236/331/206 251/338/221 252/340/222
f 230/320/200 229/332/199 244/339/214 245/341/215
f 223/317/193 65/342/35 238/343/208
f 72/344/42 237/319/207 252/340/222
f 231/321/201 230/320/200 245/341/215 246/345/216
f 224/322/194 223/317/193 238/343/208 239/346/209
f 232/323/202 231/321/201 246/345/216 247/347/217
f 225/324/195 224/322/194 239/346/209 240/348/210
f 233/325/203 232/323/202 247/347/217 248/349/218
f 226/326/196 225/324/195 240/348/210 241/333/211
f 234/327/204 233/325/203 248/349/218 249/335/219
f 246/345/216 245/341/215 260/350/230 261/351/231
f 239/346/209 238/343/208 253/352/223 254/353/224
f 247/347/217 246/345/216 261/351/231 262/354/232
f 240/348/210 239/346/209 254/353/224 255/355/225
f 248/349/218 247/347/217 262/354/232 263/356/233
f 241/333/211 240/348/210 255/355/225 256/357/226
f 249/335/219 248/349/218 263/356/233 264/358/234
f 242/334/212 241/333/211 256/357/226 257/359/227
f 250/336/220 249/335/219 264/358/234 265/360/235
f 243/337/213 242/334/212 257/359/227 258/361/228
f 251/338/221 250/336/220 265/360/235 266/362/236
f 244/339/214 243/337/213 258/361/228 259/363/229
f 252/340/222 251/338/221 266/362/236 267/364/237
f 245/341/215 244/339/214 259/363/229 260/350/230
f 238/343/208 65/365/35 253/352/223
f 72/366/42 252/340/222 267/364/237
f 265/360/235 264/358/234 279/367/249 280/368/250
f 258/361/228 257/359/227 272/369/242 273/370/243
f 266/362/236 265/360/235 280/368/250 281/371/251
f 259/363/229 258/361/228 273/370/243 274/372/244
f 267/364/237 266/362/236 281/371/251 282/373/252
f 260/350/230 259/363/229 274/372/244 275/374/245
f 253/352/223 65/375/35 268/376/238
f 72/377/42 267/364/237 282/373/252
f 261/351/231 260/350/230 275/374/245 276/378/246
f 254/353/224 253/352/223 268/376/238 269/379/239
f 262/354/232 261/351/231 276/378/246 277/380/247
f 255/355/225 254/353/224 269/379/239 270/381/240
f 263/356/233 262/354/232 277/380/247 278/382/248
f 256/357/226 255/355/225 270/381/240 271/383/241
f 264/358/234 263/356/233 278/382/248 279/367/249
f 257/359/227 256/357/226 271/383/241 272/369/242
f 269/379/239 268/376/238 283/384/253 284/385/254
f 277/380/247 276/378/246 291/386/261 292/387/262
f 270/381/240 269/379/239 284/385/254 285/388/255
f 278/382/248 277/380/247 292/387/262 293/389/263
f 271/383/241 270/381/240 285/388/255 286/390/256
f 279/367/249 278/382/248 293/389/263 294/391/264
f 272/369/242 271/383/241 286/390/256 287/392/257
f 280/368/250 279/367/249 294/391/264 295/393/265
f 273/370/243 272/369/242 287/392/257 288/394/258
f 281/371/251 280/368/250 295/393/265 296/395/266
f 274/372/244 273/370/243 288/394/258 289/396/259
f 282/373/252 281/371/251 296/395/266 297/397/267
f 275/374/245 274/372/244 289/396/259 290/398/260
f 268/376/238 65/399/35 283/384/253
f 72/400/42 282/373/252 297/397/267
f 276/378/246 275/374/245 290/398/260 291/386/261
f 288/394/258 287/392/257 302/401/272 303/402/273
f 296/395/266 295/393/265 310/403/280 311/404/281
f 289/396/259 288/394/258 303/402/273 304/405/274
f 297/397/267 296/395/266 311/404/281 312/406/282
f 290/398/260 289/396/259 304/405/274 305/407/275
f 283/384/253 65/408/35 298/409/268
f 72/410/42 297/397/267 312/406/282
f 291/386/261 290/398/260 305/407/275 306/411/276
f 284/385/254 283/384/253 298/409/268 299/412/269
f 292/387/262 291/386/261 306/411/276 307/413/277
f 285/388/255 284/385/254 299/412/269 300/414/270
f 293/389/263 292/387/262 307/413/277 308/415/278
f 286/390/256 285/388/255 300/414/270 301/416/271
f 294/391/264 293/389/263 308/415/278 309/417/279
f 287/392/257 286/390/256 301/416/271 302/401/272
f 295/393/265 294/391/264 309/417/279 310/403/280
f 307/413/277 306/411/276 321/418/291 322/419/292
f 300/414/270 299/412/269 314/420/284 315/421/285
f 308/415/278 307/413/277 322/419/292 323/422/293
f 301/416/271 300/414/270 315/421/285 316/423/286
f 309/417/279 308/415/278 323/422/293 324/424/294
f 302/401/272 301/416/271 316/423/286 317/425/287
f 310/403/280 309/417/279 324/424/294 325/426/295
f 303/402/273 302/401/272 317/425/287 318/427/288
f 311/404/281 310/403/280 325/426/295 326/428/296
f 304/405/274 303/402/273 318/427/288 319/429/289
f 312/406/282 311/404/281 326/428/296 327/430/297
f 305/407/275 304/405/274 319/429/289 320/431/290
f 298/409/268 65/432/35 313/433/283
f 72/434/42 312/406/282 327/430/297
f 306/411/276 305/407/275 320/431/290 321/418/291
f 299/412/269 298/409/268 313/433/283 314/420/284
f 326/428/296 325/426/295 340/435/310 341/436/311
f 319/429/289 318/427/288 333/437/303 334/438/304
f 327/430/297 326/428/296 341/436/311 342/439/312
f 320/431/290 319/429/289 334/438/304 335/440/305
f 313/433/283 65/441/35 328/442/298
f 72/443/42 327/430/297 342/439/312
f 321/418/291 320/431/290 335/440/305 336/444/306
f 314/420/284 313/433/283 328/442/298 329/445/299
f 322/419/292 321/418/291 336/444/306 337/446/307
f 315/421/285 314/420/284 329/445/299 330/447/300
f 323/422/293 322/419/292 337/446/307 338/448/308
f 316/423/286 315/421/285 330/447/300 331/449/301
f 324/424/294 323/422/293 338/448/308 339/450/309
f 317/425/287 316/423/286 331/449/301 332/451/302
f 325/426/295 324/424/294 339/450/309 340/435/310
f 318/427/288 317/425/287 332/451/302 333/437/303
f 338/448/308 337/446/307 352/452/322 353/453/323
f 331/449/301 330/447/300 345/454/315 346/455/316
f 339/450/309 338/448/308 353/453/323 354/456/324
f 332/451/302 331/449/301 346/455/316 347/457/317
f 340/435/310 339/450/309 354/456/324 355/458/325
f 333/437/303 332/451/302 347/457/317 348/459/318
f 341/436/311 340/435/310 355/458/325 356/460/326
f 334/438/304 333/437/303 348/459/318 349/461/319
f 342/439/312 341/436/311 356/460/326 357/462/327
f 335/440/305 334/438/304 349/461/319 350/463/320
f 328/442/298 65/464/35 343/465/313
f 72/466/42 342/439/312 357/462/327
f 336/444/306 335/440/305 350/463/320 351/467/321
f 329/445/299 328/442/298 343/465/313 344/468/314
f 337/446/307 336/444/306 351/467/321 352/452/322
f 330/447/300 329/445/299 344/468/314 345/454/315
f 357/462/327 356/460/326 371/469/341 372/470/342
f 350/463/320 349/461/319 364/471/334 365/472/335
f 343/465/313 65/473/35 358/474/328
f 72/475/42 357/462/327 372/470/342
f 351/467/321 350/463/320 365/472/335 366/476/336
f 344/468/314 343/465/313 358/474/328 359/477/329
f 352/452/322 351/467/321 366/476/336 367/478/337
f 345/454/315 344/468/314 359/477/329 360/479/330
f 353/453/323 352/452/322 367/478/337 368/480/338
f 346/455/316 345/454/315 360/479/330 361/481/331
f 354/456/324 353/453/323 368/480/338 369/482/339
f 347/457/317 346/455/316 361/481/331 362/483/332
f 355/458/325 354/456/324 369/482/339 370/484/340
f 348/459/318 347/457/317 362/483/332 363/485/333
f 356/460/326 355/458/325 370/484/340 371/469/341
f 349/461/319 348/459/318 363/485/333 364/471/334
f 361/481/331 360/479/330 375/486/345 376/487/346
f 369/482/339 368/480/338 383/488/353 384/489/354
f 362/483/332 361/481/331 376/487/346 377/490/347
f 370/484/340 369/482/339 384/489/354 385/491/355
f 363/485/333 362/483/332 377/490/347 378/492/348
f 371/469/341 370/484/340 385/491/355 386/493/356
f 364/471/334 363/485/333 378/492/348 379/494/349
f 372/470/342 371/469/341 386/493/356 387/495/357
f 365/472/335 364/471/334 379/494/349 380/496/350
f 358/474/328 65/497/35 373/498/343
f 72/499/42 372/470/342 387/495/357
f 366/476/336 365/472/335 380/496/350 381/500/351
f 359/477/329 358/474/328 373/498/343 374/501/344
f 367/478/337 366/476/336 381/500/351 382/502/352
f 360/479/330 359/477/329 374/501/344 375/486/345
f 368/480/338 367/478/337 382/502/352 383/488/353
f 380/496/350 379/494/349 394/503/364 395/504/365
f 373/498/343 65/505/35 388/506/358
f 72/507/42 387/495/357 402/508/372
f 381/500/351 380/496/350 395/504/365 396/509/366
f 374/501/344 373/498/343 388/506/358 389/510/359
f 382/502/352 381/500/351 396/509/366 397/511/367
f 375/486/345 374/501/344 389/510/359 390/512/360
f 383/488/353 382/502/352 397/511/367 398/513/368
f 376/487/346 375/486/345 390/512/360 391/514/361
f 384/489/354 383/488/353 398/513/368 399/515/369
f 377/490/347 376/487/346 391/514/361 392/516/362
f 385/491/355 384/489/354 399/515/369 400/517/370
f 378/492/348 377/490/347 392/516/362 393/518/363
f 386/493/356 385/491/355 400/517/370 401/519/371
f 379/494/349 378/492/348 393/518/363 394/503/364
f 387/495/357 386/493/356 401/519/371 402/508/372
f 399/515/369 398/513/368 413/520/383 414/521/384
f 392/516/362 391/514/361 406/522/376 407/523/377
f 400/517/370 399/515/369 414/521/384 415/524/385
f 393/518/363 392/516/362 407/523/377 408/525/378
f 401/519/371 400/517/370 415/524/385 416/526/386
f 394/503/364 393/518/363 408/525/378 409/527/379
f 402/508/372 401/519/371 416/526/386 417/528/387
f 395/504/365 394/503/364 409/527/379 410/529/380
f 388/506/358 65/530/35 403/531/373
f 72/532/42 402/508/372 417/528/387
f 396/509/366 395/504/365 410/529/380 411/533/381
f 389/510/359 388/506/358 403/531/373 404/534/374
f 397/511/367 396/509/366 411/533/381 412/535/382
f 390/512/360 389/510/359 404/534/374 405/536/375
f 398/513/368 397/511/367 412/535/382 413/520/383
f 391/514/361 390/512/360 405/536/375 406/522/376
f 403/531/373 65/537/35 418/538/388
f 72/539/42 417/528/387 432/540/402
f 411/533/381 410/529/380 425/541/395 426/542/396
f 404/534/374 403/531/373 418/538/388 419/543/389
f 412/535/382 411/533/381 426/542/396 427/544/397
f 405/536/375 404/534/374 419/543/389 420/545/390
f 413/520/383 412/535/382 427/544/397 428/546/398
f 406/522/376 405/536/375 420/545/390 421/547/391
f 414/521/384 413/520/383 428/546/398 429/548/399
f 407/523/377 406/522/376 421/547/391 422/549/392
f 415/524/385 414/521/384 429/548/399 430/550/400
f 408/525/378 407/523/377 422/549/392 423/551/393
f 416/526/386 415/524/385 430/550/400 431/552/401
f 409/527/379 408/525/378 423/551/393 424/553/394
f 417/528/387 416/526/386 431/552/401 432/540/402
f 410/529/380 409/527/379 424/553/394 425/541/395
f 422/554/392 421/555/391 436/556/406 437/557/407
f 430/558/400 429/559/399 444/560/414 445/561/415
f 423/562/393 422/554/392 437/557/407 438/563/408
f 431/564/401 430/558/400 445/561/415 446/565/416
f 424/566/394 423/562/393 438/563/408 439/567/409
f 432/568/402 431/564/401 446/565/416 447/569/417
f 425/570/395 424/566/394 439/567/409 440/571/410
f 418/572/388 65/573/35 433/574/403
f 72/575/42 432/568/402 447/569/417
f 426/576/396 425/570/395 440/571/410 441/577/411
f 419/578/389 418/572/388 433/574/403 434/579/404
f 427/580/397 426/576/396 441/577/411 442/581/412
f 420/582/390 419/578/389 434/579/404 435/583/405
f 428/584/398 427/580/397 442/581/412 443/585/413
f 421/555/391 420/582/390 435/583/405 436/556/406
f 429/559/399 428/584/398 443/585/413 444/560/414
f 441/577/411 440/571/410 455/586/425 456/587/426
f 434/579/404 433/574/403 448/588/418 449/589/419
f 442/581/412 441/577/411 456/587/426 457/590/427
f 435/583/405 434/579/404 449/589/419 450/591/420
f 443/585/413 442/581/412 457/590/427 458/592/428
f 436/556/406 435/583/405 450/591/420 451/593/421
f 444/560/414 443/585/413 458/592/428 459/594/429
f 437/557/407 436/556/406 451/593/421 452/595/422
f 445/561/415 444/560/414 459/594/429 460/596/430
f 438/563/408 437/557/407 452/595/422 453/597/423
f 446/565/416 445/561/415 460/596/430 461/598/431
f 439/567/409 438/563/408 453/597/423 454/599/424
f 447/569/417 446/565/416 461/598/431 462/600/432
f 440/571/410 439/567/409 454/599/424 455/586/425
f 433/574/403 65/601/35 448/588/418
f 72/602/42 447/569/417 462/600/432
f 460/596/430 459/594/429 474/603/444 475/604/445
f 453/597/423 452/595/422 467/605/437 468/606/438
f 461/598/431 460/596/430 475/604/445 476/607/446
f 454/599/424 453/597/423 468/606/438 469/608/439
f 462/600/432 461/598/431 476/607/446 477/609/447
f 455/586/425 454/599/424 469/608/439 470/610/440
f 448/588/418 65/611/35 463/612/433
f 72/613/42 462/600/432 477/609/447
f 456/587/426 455/586/425 470/610/440 471/614/441
f 449/589/419 448/588/418 463/612/433 464/615/434
f 457/590/427 456/587/426 471/614/441 472/616/442
f 450/591/420 449/589/419 464/615/434 465/617/435
f 458/592/428 457/590/427 472/616/442 473/618/443
f 451/593/421 450/591/420 465/617/435 466/619/436
f 459/594/429 458/592/428 473/618/443 474/603/444
f 452/595/422 451/593/421 466/619/436 467/605/437
f 472/616/442 471/614/441 486/620/456 487/621/457
f 465/617/435 464/615/434 479/622/449 480/623/450
f 473/618/443 472/616/442 487/621/457 488/624/458
f 466/619/436 465/617/435 480/623/450 481/625/451
f 474/603/444 473/618/443 488/624/458 489/626/459
f 467/605/437 466/619/436 481/625/451 482/627/452
f 475/604/445 474/603/444 489/626/459 490/628/460
f 468/606/438 467/605/437 482/627/452 483/629/453
f 476/607/446 475/604/445 490/628/460 491/630/461
f 469/608/439 468/606/438 483/629/453 484/631/454
f 477/609/447 476/607/446 491/630/461 492/632/462
f 470/610/440 469/608/439 484/631/454 485/633/455
f 463/612/433 65/634/35 478/635/448
f 72/636/42 477/609/447 492/632/462
f 471/614/441 470/610/440 485/633/455 486/620/456
f 464/615/434 463/612/433 478/635/448 479/622/449
f 491/630/461 490/628/460 505/637/475 506/638/476
f 484/631/454 483/629/453 498/639/468 499/640/469
f 492/632/462 491/630/461 506/638/476 507/641/477
f 485/633/455 484/631/454 499/640/469 500/642/470
f 478/635/448 65/643/35 493/644/463
f 72/645/42 492/632/462 507/641/477
f 486/620/456 485/633/455 500/642/470 501/646/471
f 479/622/449 478/635/448 493/644/463 494/647/464
f 487/621/457 486/620/456 501/646/471 502/648/472
f 480/623/450 479/622/449 494/647/464 495/649/465
f 488/624/458 487/621/457 502/648/472 503/650/473
f 481/625/451 480/623/450 495/649/465 496/651/466
f 489/626/459 488/624/458 503/650/473 504/652/474
f 482/627/452 481/625/451 496/651/466 497/653/467
f 490/628/460 489/626/459 504/652/474 505/637/475
f 483/629/453 482/627/452 497/653/467 498/639/468
f 495/649/465 494/647/464 509/654/479 510/655/480
f 503/650/473 502/648/472 517/656/487 518/657/488
f 496/651/466 495/649/465 510/655/480 511/658/481
f 504/652/474 503/650/473 518/657/488 519/659/489
f 497/653/467 496/651/466 511/658/481 512/660/482
f 505/637/475 504/652/474 519/659/489 520/661/490
f 498/639/468 497/653/467 512/660/482 513/662/483
f 506/638/476 505/637/475 520/661/490 521/663/491
f 499/640/469 498/639/468 513/662/483 514/664/484
f 507/641/477 506/638/476 521/663/491 522/665/492
f 500/642/470 499/640/469 514/664/484 515/666/485
f 493/644/463 65/667/35 508/668/478
f 72/669/42 507/641/477 522/665/492
f 501/646/471 500/642/470 515/666/485 516/670/486
f 494/647/464 493/644/463 508/668/478 509/654/479
f 502/648/472 501/646/471 516/670/486 517/656/487
f 514/664/484 513/662/483 528/671/498 529/672/499
f 522/665/492 521/663/491 536/673/506 537/674/507
f 515/666/485 514/664/484 529/672/499 530/675/500
f 508/668/478 65/676/35 523/677/493
f 72/678/42 522/665/492 537/674/507
f 516/670/486 515/666/485 530/675/500 531/679/501
f 509/654/479 508/668/478 523/677/493 524/680/494
f 517/656/487 516/670/486 531/679/501 532/681/502
f 510/655/480 509/654/479 524/680/494 525/682/495
f 518/657/488 517/656/487 532/681/502 533/683/503
f 511/658/481 510/655/480 525/682/495 526/684/496
f 519/659/489 518/657/488 533/683/503 534/685/504
f 512/660/482 511/658/481 526/684/496 527/686/497
f 520/661/490 519/659/489 534/685/504 535/687/505
f 513/662/483 512/660/482 527/686/497 528/671/498
f 521/663/491 520/661/490 535/687/505 536/673/506
f 533/683/503 532/681/502 542/136/512 71/135/41
f 526/684/496 525/682/495 66/131/36 540/139/510
f 534/685/504 533/683/503 71/135/41 543/141/513
f 527/686/497 526/684/496 540/139/510 67/143/37
f 535/687/505 534/685/504 543/141/513 544/145/514
f 528/671/498 527/686/497 67/143/37 541/147/511
f 536/673/506 535/687/505 544/145/514 545/149/515
f 529/672/499 528/671/498 541/147/511 68/151/38
f 537/674/507 536/673/506 545/149/515 546/153/516
f 530/675/500 529/672/499 68/151/38 69/155/39
f 523/677/493 65/688/35 538/157/508
f 72/689/42 537/674/507 546/153/516
f 531/679/501 530/675/500 69/155/39 70/161/40
f 524/680/494 523/677/493 538/157/508 539/132/509
f 532/681/502 531/679/501 70/161/40 542/136/512
f 525/682/495 524/680/494 539/132/509 66/131/36
o 平面
v -0.282677 2.095924 -0.758450
v 0.282677 2.095924 -0.758450
v -0.282677 1.530571 -0.758450
v 0.282677 1.530571 -0.758450
vn -0.0000 -0.0000 -1.0000
vt 0.797184 0.547169
vt 0.932030 0.547169
vt 0.932030 0.682015
vt 0.797184 0.682015
s 0
usemtl マテリアル
f 547/690/517 548/691/517 550/692/517 549/693/517
o 平面.001
v -0.190334 2.003581 -0.840358
v 0.190334 2.003581 -0.840358
v -0.190334 1.622914 -0.840358
v 0.190334 1.622914 -0.840358
vn -0.0000 -0.0000 -1.0000
vt 0.832706 0.819659
vt 0.902776 0.819659
vt 0.902776 0.889730
vt 0.832706 0.889730
s 0
usemtl マテリアル
f 551/694/518 552/695/518 554/696/518 553/697/518
o 平面.002
v 0.190334 2.003581 0.854926
v -0.190334 2.003581 0.854925
v 0.190334 1.622914 0.854926
v -0.190334 1.622914 0.854926
vn -0.0000 -0.0000 1.0000
vt 0.832706 0.819659
vt 0.902776 0.819659
vt 0.902776 0.889730
vt 0.832706 0.889730
s 0
usemtl マテリアル
f 555/698/519 556/699/519 558/700/519 557/701/519
o 平面.003
v 0.282677 2.095924 0.773017
v -0.282677 2.095924 0.773017
v 0.282677 1.530571 0.773017
v -0.282677 1.530571 0.773017
vn -0.0000 -0.0000 1.0000
vt 0.797184 0.547169
vt 0.932030 0.547169
vt 0.932030 0.682015
vt 0.797184 0.682015
s 0
usemtl マテリアル
f 559/702/520 560/703/520 562/704/520 561/705/520
o 球.001
v 0.667010 2.025890 0.000000
v 0.667010 1.977274 -0.160263
v 0.667010 1.897687 -0.239851
v 0.667010 1.793701 -0.282923
v 0.667010 1.737424 -0.288466
v 0.667010 1.681147 -0.282923
v 0.667010 1.577161 -0.239851
v 0.667010 1.448958 0.000000
v 0.691494 2.020347 -0.055196
v 0.715037 2.003932 -0.108270
v 0.736735 1.977274 -0.157184
v 0.755753 1.941400 -0.200057
v 0.771361 1.897687 -0.235242
v 0.782958 1.847815 -0.261387
v 0.790100 1.793701 -0.277487
v 0.792512 1.737424 -0.282923
v 0.790100 1.681147 -0.277487
v 0.782958 1.627033 -0.261387
v 0.771361 1.577161 -0.235242
v 0.755753 1.533447 -0.200057
v 0.736735 1.497573 -0.157184
v 0.715037 1.470916 -0.108270
v 0.691494 1.454501 -0.055196
v 0.715037 2.020347 -0.051993
v 0.761219 2.003932 -0.101988
v 0.803781 1.977274 -0.148064
v 0.841086 1.941400 -0.188449
v 0.871702 1.897687 -0.221593
v 0.894451 1.847815 -0.246221
v 0.908460 1.793701 -0.261387
v 0.913191 1.737424 -0.266508
v 0.908460 1.681147 -0.261387
v 0.894451 1.627033 -0.246221
v 0.871702 1.577161 -0.221593
v 0.841086 1.533447 -0.188449
v 0.803781 1.497573 -0.148064
v 0.761219 1.470916 -0.101988
v 0.715037 1.454501 -0.051993
v 0.736735 2.020347 -0.046793
v 0.803781 2.003932 -0.091787
v 0.865570 1.977274 -0.133254
v 0.919729 1.941400 -0.169600
v 0.964176 1.897687 -0.199428
v 0.997203 1.847815 -0.221593
v 1.017542 1.793701 -0.235242
v 1.024409 1.737424 -0.239851
v 1.017542 1.681147 -0.235242
v 0.997203 1.627033 -0.221593
v 0.964176 1.577161 -0.199428
v 0.919729 1.533447 -0.169600
v 0.865570 1.497573 -0.133254
v 0.803781 1.470916 -0.091787
v 0.736735 1.454501 -0.046793
v 0.755753 2.020347 -0.039794
v 0.841086 2.003932 -0.078058
v 0.919729 1.977274 -0.113323
v 0.988660 1.941400 -0.144233
v 1.045231 1.897687 -0.169600
v 1.087267 1.847815 -0.188449
v 1.113152 1.793701 -0.200057
v 1.121892 1.737424 -0.203976
v 1.113152 1.681147 -0.200057
v 1.087267 1.627033 -0.188449
v 1.045231 1.577161 -0.169600
v 0.988660 1.533447 -0.144233
v 0.919729 1.497573 -0.113323
v 0.841086 1.470916 -0.078058
v 0.755753 1.454501 -0.039794
v 0.771361 2.020347 -0.031266
v 0.871702 2.003932 -0.061330
v 0.964176 1.977274 -0.089037
v 1.045231 1.941400 -0.113323
v 1.111751 1.897687 -0.133254
v 1.161180 1.847815 -0.148064
v 1.191617 1.793701 -0.157184
v 1.201895 1.737424 -0.160263
v 1.191617 1.681147 -0.157184
v 1.161180 1.627033 -0.148064
v 1.111751 1.577161 -0.133254
v 1.045231 1.533447 -0.113323
v 0.964176 1.497573 -0.089037
v 0.871702 1.470916 -0.061330
v 0.771361 1.454501 -0.031266
v 0.782958 2.020347 -0.021536
v 0.894451 2.003932 -0.042245
v 0.997203 1.977274 -0.061330
v 1.087267 1.941400 -0.078058
v 1.161180 1.897687 -0.091787
v 1.216102 1.847815 -0.101988
v 1.249923 1.793701 -0.108270
v 1.261343 1.737424 -0.110391
v 1.249923 1.681147 -0.108270
v 1.216102 1.627033 -0.101988
v 1.161180 1.577161 -0.091787
v 1.087267 1.533447 -0.078058
v 0.997203 1.497573 -0.061330
v 0.894451 1.470916 -0.042245
v 0.782958 1.454501 -0.021536
v 0.790100 2.020347 -0.010979
v 0.908460 2.003932 -0.021536
v 1.017542 1.977274 -0.031266
v 1.113152 1.941400 -0.039794
v 1.191617 1.897687 -0.046793
v 1.249923 1.847815 -0.051993
v 1.285827 1.793701 -0.055196
v 1.297950 1.737424 -0.056277
v 1.285827 1.681147 -0.055196
v 1.249923 1.627033 -0.051993
v 1.191617 1.577161 -0.046793
v 1.113152 1.533447 -0.039794
v 1.017542 1.497573 -0.031266
v 0.908460 1.470916 -0.021536
v 0.790100 1.454501 -0.010979
v 0.792512 2.020347 0.000000
v 0.913191 2.003932 0.000000
v 1.024409 1.977274 0.000000
v 1.121892 1.941400 -0.000000
v 1.201895 1.897687 0.000000
v 1.261343 1.847815 -0.000000
v 1.297950 1.793701 0.000000
v 1.310311 1.737424 0.000000
v 1.297950 1.681147 0.000000
v 1.261343 1.627033 -0.000000
v 1.201895 1.577161 0.000000
v 1.121892 1.533447 -0.000000
v 1.024409 1.497573 0.000000
v 0.913191 1.470916 0.000000
v 0.792512 1.454501 0.000000
v 0.790100 2.020347 0.010979
v 0.908460 2.003932 0.021536
v 1.017542 1.977274 0.031266
v 1.113152 1.941400 0.039794
v 1.191617 1.897687 0.046793
v 1.249923 1.847815 0.051993
v 1.285827 1.793701 0.055196
v 1.297950 1.737424 0.056277
v 1.285827 1.681147 0.055196
v 1.249923 1.627033 0.051993
v 1.191617 1.577161 0.046793
v 1.113152 1.533447 0.039794
v 1.017542 1.497573 0.031266
v 0.908460 1.470916 0.021536
v 0.790100 1.454501 0.010979
v 0.782958 2.020347 0.021536
v 0.894451 2.003932 0.042245
v 0.997203 1.977274 0.061330
v 1.087267 1.941400 0.078058
v 1.161179 1.897687 0.091787
v 1.216102 1.847815 0.101988
v 1.249923 1.793701 0.108270
v 1.261342 1.737424 0.110391
v 1.249923 1.681147 0.108270
v 1.216102 1.627033 0.101988
v 1.161179 1.577161 0.091787
v 1.087267 1.533447 0.078058
v 0.997203 1.497573 0.061330
v 0.894451 1.470916 0.042245
v 0.782958 1.454501 0.021536
v 0.771361 2.020347 0.031266
v 0.871702 2.003932 0.061330
v 0.964176 1.977274 0.089037
v 1.045231 1.941400 0.113323
v 1.111751 1.897687 0.133254
v 1.161180 1.847815 0.148064
v 1.191617 1.793701 0.157184
v 1.201895 1.737424 0.160263
v 1.191617 1.681147 0.157184
v 1.161180 1.627033 0.148064
v 1.111751 1.577161 0.133254
v 1.045231 1.533447 0.113323
v 0.964176 1.497573 0.089037
v 0.871702 1.470916 0.061330
v 0.771361 1.454501 0.031266
v 0.755753 2.020347 0.039794
v 0.841086 2.003932 0.078058
v 0.919729 1.977274 0.113323
v 0.988660 1.941400 0.144233
v 1.045231 1.897687 0.169600
v 1.087267 1.847815 0.188449
v 1.113152 1.793701 0.200057
v 1.121892 1.737424 0.203976
v 1.113152 1.681147 0.200057
v 1.087267 1.627033 0.188449
v 1.045231 1.577161 0.169600
v 0.988660 1.533447 0.144233
v 0.919729 1.497573 0.113323
v 0.841086 1.470916 0.078058
v 0.755753 1.454501 0.039794
v 0.736735 2.020347 0.046793
v 0.803780 2.003932 0.091787
v 0.865570 1.977274 0.133254
v 0.919729 1.941400 0.169600
v 0.964176 1.897687 0.199428
v 0.997203 1.847815 0.221593
v 1.017541 1.793701 0.235242
v 1.024409 1.737424 0.239851
v 1.017541 1.681147 0.235242
v 0.997203 1.627033 0.221593
v 0.964176 1.577161 0.199428
v 0.919729 1.533447 0.169600
v 0.865570 1.497573 0.133254
v 0.803780 1.470916 0.091787
v 0.736735 1.454501 0.046793
v 0.715037 2.020347 0.051993
v 0.761219 2.003932 0.101988
v 0.803780 1.977274 0.148064
v 0.841086 1.941400 0.188449
v 0.871702 1.897687 0.221593
v 0.894451 1.847815 0.246221
v 0.908460 1.793701 0.261387
v 0.913190 1.737424 0.266508
v 0.908460 1.681147 0.261387
v 0.894451 1.627033 0.246221
v 0.871702 1.577161 0.221593
v 0.841086 1.533447 0.188449
v 0.803780 1.497573 0.148064
v 0.761219 1.470916 0.101988
v 0.715037 1.454501 0.051993
v 0.691494 2.020347 0.055196
v 0.715037 2.003932 0.108270
v 0.736735 1.977274 0.157184
v 0.755753 1.941400 0.200057
v 0.771361 1.897687 0.235242
v 0.782958 1.847815 0.261387
v 0.790100 1.793701 0.277487
v 0.792511 1.737424 0.282923
v 0.790100 1.681147 0.277487
v 0.782958 1.627033 0.261387
v 0.771361 1.577161 0.235242
v 0.755753 1.533447 0.200057
v 0.736735 1.497573 0.157184
v 0.715037 1.470916 0.108270
v 0.691494 1.454501 0.055196
v 0.667010 2.020347 0.056277
v 0.667010 2.003932 0.110391
v 0.667010 1.977274 0.160263
v 0.667010 1.941400 0.203976
v 0.667010 1.897687 0.239851
v 0.667010 1.847815 0.266508
v 0.667010 1.793701 0.282923
v 0.667010 1.737424 0.288466
v 0.667010 1.681147 0.282923
v 0.667010 1.627033 0.266508
v 0.667010 1.577161 0.239851
v 0.667010 1.533447 0.203976
v 0.667010 1.497573 0.160263
v 0.667010 1.470916 0.110391
v 0.667010 1.454501 0.056277
v 0.642526 2.020347 0.055196
v 0.618982 2.003932 0.108270
v 0.597285 1.977274 0.157184
v 0.578267 1.941400 0.200057
v 0.562659 1.897687 0.235242
v 0.551061 1.847815 0.261387
v 0.543920 1.793701 0.277487
v 0.541508 1.737424 0.282923
v 0.543920 1.681147 0.277487
v 0.551061 1.627033 0.261387
v 0.562659 1.577161 0.235242
v 0.578267 1.533447 0.200057
v 0.597285 1.497573 0.157184
v 0.618982 1.470916 0.108270
v 0.642526 1.454501 0.055196
v 0.618982 2.020347 0.051993
v 0.572801 2.003932 0.101988
v 0.530239 1.977274 0.148064
v 0.492934 1.941400 0.188449
v 0.462318 1.897687 0.221593
v 0.439569 1.847815 0.246221
v 0.425559 1.793701 0.261387
v 0.420829 1.737424 0.266508
v 0.425559 1.681147 0.261387
v 0.439569 1.627033 0.246221
v 0.462318 1.577161 0.221593
v 0.492934 1.533447 0.188449
v 0.530239 1.497573 0.148064
v 0.572801 1.470916 0.101988
v 0.618982 1.454501 0.051993
v 0.597285 2.020347 0.046793
v 0.530239 2.003932 0.091787
v 0.468450 1.977274 0.133254
v 0.414291 1.941400 0.169600
v 0.369844 1.897687 0.199428
v 0.336816 1.847815 0.221593
v 0.316478 1.793701 0.235242
v 0.309611 1.737424 0.239850
v 0.316478 1.681147 0.235242
v 0.336816 1.627033 0.221593
v 0.369844 1.577161 0.199428
v 0.414291 1.533447 0.169600
v 0.468450 1.497573 0.133254
v 0.530239 1.470916 0.091787
v 0.597285 1.454501 0.046793
v 0.578267 2.020347 0.039794
v 0.492934 2.003932 0.078058
v 0.414291 1.977274 0.113323
v 0.345359 1.941400 0.144233
v 0.288789 1.897687 0.169600
v 0.246753 1.847815 0.188449
v 0.220868 1.793701 0.200057
v 0.212127 1.737424 0.203976
v 0.220868 1.681147 0.200057
v 0.246753 1.627033 0.188449
v 0.288789 1.577161 0.169600
v 0.345359 1.533447 0.144233
v 0.414291 1.497573 0.113323
v 0.492934 1.470916 0.078058
v 0.578267 1.454501 0.039794
v 0.562659 2.020347 0.031266
v 0.462318 2.003932 0.061330
v 0.369844 1.977274 0.089037
v 0.288789 1.941400 0.113323
v 0.222269 1.897687 0.133254
v 0.172840 1.847815 0.148064
v 0.142402 1.793701 0.157184
v 0.132125 1.737424 0.160263
v 0.142402 1.681147 0.157184
v 0.172840 1.627033 0.148064
v 0.222269 1.577161 0.133254
v 0.288789 1.533447 0.113323
v 0.369844 1.497573 0.089037
v 0.462318 1.470916 0.061330
v 0.562659 1.454501 0.031266
v 0.551061 2.020347 0.021536
v 0.439569 2.003932 0.042245
v 0.336816 1.977274 0.061330
v 0.246753 1.941400 0.078058
v 0.172840 1.897687 0.091787
v 0.117918 1.847815 0.101988
v 0.084097 1.793701 0.108270
v 0.072678 1.737424 0.110391
v 0.084097 1.681147 0.108270
v 0.117918 1.627033 0.101988
v 0.172840 1.577161 0.091787
v 0.246753 1.533447 0.078058
v 0.336816 1.497573 0.061330
v 0.439569 1.470916 0.042245
v 0.551061 1.454501 0.021536
v 0.543920 2.020347 0.010979
v 0.425560 2.003932 0.021536
v 0.316478 1.977274 0.031266
v 0.220868 1.941400 0.039794
v 0.142402 1.897687 0.046792
v 0.084097 1.847815 0.051993
v 0.048193 1.793701 0.055195
v 0.036070 1.737424 0.056277
v 0.048193 1.681147 0.055195
v 0.084097 1.627033 0.051993
v 0.142402 1.577161 0.046792
v 0.220868 1.533447 0.039794
v 0.316478 1.497573 0.031266
v 0.425560 1.470916 0.021536
v 0.543920 1.454501 0.010979
v 0.541508 2.020347 -0.000000
v 0.420829 2.003932 -0.000000
v 0.309611 1.977274 -0.000000
v 0.212127 1.941400 -0.000000
v 0.132125 1.897687 -0.000000
v 0.072677 1.847815 -0.000000
v 0.036070 1.793701 -0.000000
v 0.023709 1.737424 -0.000000
v 0.036070 1.681147 -0.000000
v 0.072677 1.627033 -0.000000
v 0.132125 1.577161 -0.000000
v 0.212127 1.533447 -0.000000
v 0.309611 1.497573 -0.000000
v 0.420829 1.470916 -0.000000
v 0.541508 1.454501 -0.000000
v 0.543920 2.020347 -0.010979
v 0.425560 2.003932 -0.021536
v 0.316479 1.977274 -0.031266
v 0.220868 1.941400 -0.039794
v 0.142403 1.897687 -0.046793
v 0.084097 1.847815 -0.051993
v 0.048193 1.793701 -0.055196
v 0.036070 1.737424 -0.056277
v 0.048193 1.681147 -0.055196
v 0.084097 1.627033 -0.051993
v 0.142403 1.577161 -0.046793
v 0.220868 1.533447 -0.039794
v 0.316479 1.497573 -0.031266
v 0.425560 1.470916 -0.021536
v 0.543920 1.454501 -0.010979
v 0.551061 2.020347 -0.021536
v 0.439569 2.003932 -0.042245
v 0.336817 1.977274 -0.061330
v 0.246753 1.941400 -0.078058
v 0.172841 1.897687 -0.091787
v 0.117918 1.847815 -0.101988
v 0.084097 1.793701 -0.108270
v 0.072678 1.737424 -0.110391
v 0.084097 1.681147 -0.108270
v 0.117918 1.627033 -0.101988
v 0.172841 1.577161 -0.091787
v 0.246753 1.533447 -0.078058
v 0.336817 1.497573 -0.061330
v 0.439569 1.470916 -0.042245
v 0.551061 1.454501 -0.021536
v 0.562659 2.020347 -0.031266
v 0.462318 2.003932 -0.061330
v 0.369844 1.977274 -0.089037
v 0.288789 1.941400 -0.113323
v 0.222269 1.897687 -0.133254
v 0.172840 1.847815 -0.148064
v 0.142403 1.793701 -0.157184
v 0.132125 1.737424 -0.160263
v 0.142403 1.681147 -0.157184
v 0.172840 1.627033 -0.148064
v 0.222269 1.577161 -0.133254
v 0.288789 1.533447 -0.113323
v 0.369844 1.497573 -0.089037
v 0.462318 1.470916 -0.061330
v 0.562659 1.454501 -0.031266
v 0.578267 2.020347 -0.039794
v 0.492934 2.003932 -0.078058
v 0.414291 1.977274 -0.113323
v 0.345359 1.941400 -0.144233
v 0.288789 1.897687 -0.169600
v 0.246753 1.847815 -0.188449
v 0.220868 1.793701 -0.200057
v 0.212128 1.737424 -0.203976
v 0.220868 1.681147 -0.200057
v 0.246753 1.627033 -0.188449
v 0.288789 1.577161 -0.169600
v 0.345359 1.533447 -0.144233
v 0.414291 1.497573 -0.113323
v 0.492934 1.470916 -0.078058
v 0.578267 1.454501 -0.039794
v 0.597285 2.020347 -0.046792
v 0.530239 2.003932 -0.091787
v 0.468450 1.977274 -0.133254
v 0.414291 1.941400 -0.169600
v 0.369844 1.897687 -0.199428
v 0.336816 1.847815 -0.221593
v 0.316479 1.793701 -0.235242
v 0.309612 1.737424 -0.239850
v 0.316479 1.681147 -0.235242
v 0.336816 1.627033 -0.221593
v 0.369844 1.577161 -0.199428
v 0.414291 1.533447 -0.169600
v 0.468450 1.497573 -0.133254
v 0.530239 1.470916 -0.091787
v 0.597285 1.454501 -0.046792
v 0.618982 2.020347 -0.051993
v 0.572801 2.003932 -0.101988
v 0.530239 1.977274 -0.148064
v 0.492934 1.941400 -0.188449
v 0.462318 1.897687 -0.221593
v 0.439569 1.847815 -0.246221
v 0.425560 1.793701 -0.261387
v 0.420830 1.737424 -0.266508
v 0.425560 1.681147 -0.261387
v 0.439569 1.627033 -0.246221
v 0.462318 1.577161 -0.221593
v 0.492934 1.533447 -0.188449
v 0.530239 1.497573 -0.148064
v 0.572801 1.470916 -0.101988
v 0.618982 1.454501 -0.051993
v 0.642526 2.020347 -0.055196
v 0.618982 2.003932 -0.108270
v 0.597285 1.977274 -0.157184
v 0.578267 1.941400 -0.200057
v 0.562659 1.897687 -0.235242
v 0.551061 1.847815 -0.261387
v 0.543920 1.793701 -0.277487
v 0.541508 1.737424 -0.282923
v 0.543920 1.681147 -0.277487
v 0.551061 1.627033 -0.261387
v 0.562659 1.577161 -0.235242
v 0.578267 1.533447 -0.200057
v 0.597285 1.497573 -0.157184
v 0.618982 1.470916 -0.108270
v 0.642526 1.454501 -0.055196
v 0.667010 2.020347 -0.056277
v 0.667010 2.003932 -0.110391
v 0.667010 1.941400 -0.203976
v 0.667010 1.847815 -0.266508
v 0.667010 1.627033 -0.266508
v 0.667010 1.533447 -0.203976
v 0.667010 1.497573 -0.160263
v 0.667010 1.470916 -0.110391
v 0.667010 1.454501 -0.056277
vn -0.0000 1.0000 -0.0000
vn -0.0000 0.8286 -0.5598
vn -0.0000 0.5528 -0.8333
vn -0.0000 0.1939 -0.9810
vn -0.0000 -0.0000 -1.0000
vn -0.0000 -0.1939 -0.9810
vn -0.0000 -0.5528 -0.8333
vn -0.0000 -1.0000 -0.0000
vn 0.0176 0.9802 -0.1972
vn 0.0340 0.9238 -0.3813
vn 0.0492 0.8326 -0.5517
vn 0.0626 0.7095 -0.7019
vn 0.0737 0.5587 -0.8261
vn 0.0820 0.3856 -0.9190
vn 0.0871 0.1968 -0.9766
vn 0.0888 -0.0000 -0.9960
vn 0.0871 -0.1968 -0.9766
vn 0.0820 -0.3856 -0.9190
vn 0.0737 -0.5587 -0.8261
vn 0.0626 -0.7095 -0.7019
vn 0.0492 -0.8326 -0.5517
vn 0.0340 -0.9238 -0.3813
vn 0.0176 -0.9802 -0.1972
vn 0.0346 0.9819 -0.1861
vn 0.0672 0.9299 -0.3616
vn 0.0979 0.8443 -0.5269
vn 0.1256 0.7258 -0.6763
vn 0.1492 0.5767 -0.8032
vn 0.1673 0.4011 -0.9006
vn 0.1787 0.2059 -0.9621
vn 0.1826 -0.0000 -0.9832
vn 0.1787 -0.2059 -0.9621
vn 0.1673 -0.4011 -0.9006
vn 0.1492 -0.5767 -0.8032
vn 0.1256 -0.7258 -0.6763
vn 0.0979 -0.8443 -0.5269
vn 0.0672 -0.9299 -0.3616
vn 0.0346 -0.9819 -0.1861
vn 0.0503 0.9845 -0.1679
vn 0.0985 0.9393 -0.3287
vn 0.1452 0.8626 -0.4845
vn 0.1891 0.7524 -0.6310
vn 0.2280 0.6072 -0.7611
vn 0.2593 0.4284 -0.8656
vn 0.2798 0.2221 -0.9340
vn 0.2870 -0.0000 -0.9579
vn 0.2798 -0.2221 -0.9340
vn 0.2593 -0.4284 -0.8656
vn 0.2280 -0.6072 -0.7611
vn 0.1891 -0.7524 -0.6310
vn 0.1452 -0.8626 -0.4845
vn 0.0985 -0.9393 -0.3287
vn 0.0503 -0.9845 -0.1679
vn 0.0642 0.9876 -0.1433
vn 0.1269 0.9507 -0.2829
vn 0.1898 0.8859 -0.4232
vn 0.2520 0.7879 -0.5619
vn 0.3108 0.6503 -0.6932
vn 0.3614 0.4690 -0.8059
vn 0.3965 0.2472 -0.8841
vn 0.4092 -0.0000 -0.9125
vn 0.3965 -0.2472 -0.8841
vn 0.3614 -0.4690 -0.8059
vn 0.3108 -0.6503 -0.6932
vn 0.2520 -0.7879 -0.5619
vn 0.1898 -0.8859 -0.4232
vn 0.1269 -0.9507 -0.2829
vn 0.0642 -0.9876 -0.1433
vn 0.0758 0.9907 -0.1129
vn 0.1510 0.9626 -0.2251
vn 0.2295 0.9112 -0.3420
vn 0.3117 0.8289 -0.4645
vn 0.3957 0.7040 -0.5897
vn 0.4747 0.5239 -0.7073
vn 0.5344 0.2833 -0.7963
vn 0.5572 -0.0000 -0.8303
vn 0.5344 -0.2833 -0.7963
vn 0.4747 -0.5239 -0.7073
vn 0.3957 -0.7040 -0.5897
vn 0.3117 -0.8289 -0.4645
vn 0.2295 -0.9112 -0.3420
vn 0.1510 -0.9626 -0.2251
vn 0.0758 -0.9907 -0.1129
vn 0.0844 0.9934 -0.0780
vn 0.1696 0.9730 -0.1567
vn 0.2615 0.9345 -0.2416
vn 0.3632 0.8692 -0.3355
vn 0.4758 0.7618 -0.4395
vn 0.5934 0.5894 -0.5481
vn 0.6932 0.3308 -0.6403
vn 0.7346 -0.0000 -0.6785
vn 0.6932 -0.3308 -0.6403
vn 0.5934 -0.5894 -0.5481
vn 0.4758 -0.7618 -0.4395
vn 0.3632 -0.8692 -0.3355
vn 0.2615 -0.9345 -0.2416
vn 0.1696 -0.9730 -0.1567
vn 0.0844 -0.9934 -0.0780
vn 0.0898 0.9952 -0.0398
vn 0.1814 0.9801 -0.0805
vn 0.2825 0.9510 -0.1253
vn 0.3991 0.8997 -0.1770
vn 0.5367 0.8095 -0.2381
vn 0.6947 0.6500 -0.3082
vn 0.8455 0.3800 -0.3751
vn 0.9141 -0.0000 -0.4055
vn 0.8455 -0.3800 -0.3751
vn 0.6947 -0.6500 -0.3082
vn 0.5367 -0.8095 -0.2381
vn 0.3991 -0.8997 -0.1770
vn 0.2825 -0.9510 -0.1253
vn 0.1814 -0.9801 -0.0805
vn 0.0898 -0.9952 -0.0398
vn 0.0916 0.9958 -0.0000
vn 0.1854 0.9827 -0.0000
vn 0.2899 0.9571 -0.0000
vn 0.4121 0.9111 -0.0000
vn 0.5601 0.8285 -0.0000
vn 0.7368 0.6761 -0.0000
vn 0.9150 0.4034 -0.0000
vn 1.0000 -0.0000 -0.0000
vn 0.9150 -0.4034 -0.0000
vn 0.7368 -0.6761 -0.0000
vn 0.5601 -0.8285 -0.0000
vn 0.4121 -0.9111 -0.0000
vn 0.2899 -0.9571 -0.0000
vn 0.1854 -0.9827 -0.0000
vn 0.0916 -0.9958 -0.0000
vn 0.0898 0.9952 0.0398
vn 0.1814 0.9801 0.0805
vn 0.2825 0.9510 0.1253
vn 0.3991 0.8997 0.1770
vn 0.5367 0.8095 0.2381
vn 0.6947 0.6500 0.3082
vn 0.8455 0.3800 0.3751
vn 0.9141 -0.0000 0.4055
vn 0.8455 -0.3800 0.3751
vn 0.6947 -0.6500 0.3082
vn 0.5367 -0.8095 0.2381
vn 0.3991 -0.8997 0.1770
vn 0.2825 -0.9510 0.1253
vn 0.1814 -0.9801 0.0805
vn 0.0898 -0.9952 0.0398
vn 0.0844 0.9934 0.0780
vn 0.1696 0.9730 0.1567
vn 0.2615 0.9345 0.2416
vn 0.3632 0.8692 0.3355
vn 0.4758 0.7618 0.4395
vn 0.5934 0.5894 0.5481
vn 0.6932 0.3308 0.6403
vn 0.7346 -0.0000 0.6785
vn 0.6932 -0.3308 0.6403
vn 0.5934 -0.5894 0.5481
vn 0.4758 -0.7618 0.4395
vn 0.3632 -0.8692 0.3355
vn 0.2615 -0.9345 0.2416
vn 0.1696 -0.9730 0.1567
vn 0.0844 -0.9934 0.0780
vn 0.0758 0.9907 0.1129
vn 0.1510 0.9626 0.2251
vn 0.2295 0.9112 0.3420
vn 0.3117 0.8289 0.4645
vn 0.3957 0.7040 0.5897
vn 0.4747 0.5239 0.7073
vn 0.5344 0.2833 0.7963
vn 0.5572 -0.0000 0.8303
vn 0.5344 -0.2833 0.7963
vn 0.4747 -0.5239 0.7073
vn 0.3957 -0.7040 0.5897
vn 0.3117 -0.8289 0.4645
vn 0.2295 -0.9112 0.3420
vn 0.1510 -0.9626 0.2251
vn 0.0758 -0.9907 0.1129
vn 0.0642 0.9876 0.1433
vn 0.1269 0.9507 0.2829
vn 0.1898 0.8859 0.4232
vn 0.2520 0.7879 0.5619
vn 0.3108 0.6503 0.6932
vn 0.3614 0.4690 0.8059
vn 0.3965 0.2472 0.8841
vn 0.4092 -0.0000 0.9125
vn 0.3965 -0.2472 0.8841
vn 0.3614 -0.4690 0.8059
vn 0.3108 -0.6503 0.6932
vn 0.2520 -0.7879 0.5619
vn 0.1898 -0.8859 0.4232
vn 0.1269 -0.9507 0.2829
vn 0.0642 -0.9876 0.1433
vn 0.0503 0.9845 0.1679
vn 0.0985 0.9393 0.3287
vn 0.1452 0.8626 0.4845
vn 0.1891 0.7524 0.6310
vn 0.2280 0.6072 0.7611
vn 0.2593 0.4284 0.8656
vn 0.2798 0.2221 0.9340
vn 0.2870 -0.0000 0.9579
vn 0.2798 -0.2221 0.9340
vn 0.2593 -0.4284 0.8656
vn 0.2280 -0.6072 0.7611
vn 0.1891 -0.7524 0.6310
vn 0.1452 -0.8626 0.4845
vn 0.0985 -0.9393 0.3287
vn 0.0503 -0.9845 0.1679
vn 0.0346 0.9819 0.1861
vn 0.0672 0.9299 0.3616
vn 0.0979 0.8443 0.5269
vn 0.1256 0.7258 0.6763
vn 0.1492 0.5767 0.8032
vn 0.1673 0.4011 0.9006
vn 0.1787 0.2059 0.9621
vn 0.1826 -0.0000 0.9832
vn 0.1787 -0.2059 0.9621
vn 0.1673 -0.4011 0.9006
vn 0.1492 -0.5767 0.8032
vn 0.1256 -0.7258 0.6763
vn 0.0979 -0.8443 0.5269
vn 0.0672 -0.9299 0.3616
vn 0.0346 -0.9819 0.1861
vn 0.0176 0.9802 0.1972
vn 0.0340 0.9238 0.3813
vn 0.0492 0.8326 0.5517
vn 0.0626 0.7095 0.7019
vn 0.0737 0.5587 0.8261
vn 0.0820 0.3856 0.9190
vn 0.0871 0.1968 0.9766
vn 0.0888 -0.0000 0.9960
vn 0.0871 -0.1968 0.9766
vn 0.0820 -0.3856 0.9190
vn 0.0737 -0.5587 0.8261
vn 0.0626 -0.7095 0.7019
vn 0.0492 -0.8326 0.5517
vn 0.0340 -0.9238 0.3813
vn 0.0176 -0.9802 0.1972
vn -0.0000 0.9796 0.2010
vn -0.0000 0.9217 0.3879
vn -0.0000 0.8286 0.5598
vn -0.0000 0.7041 0.7101
vn -0.0000 0.5528 0.8333
vn -0.0000 0.3805 0.9248
vn -0.0000 0.1939 0.9810
vn -0.0000 -0.0000 1.0000
vn -0.0000 -0.1939 0.9810
vn -0.0000 -0.3805 0.9248
vn -0.0000 -0.5528 0.8333
vn -0.0000 -0.7041 0.7101
vn -0.0000 -0.8286 0.5598
vn -0.0000 -0.9217 0.3879
vn -0.0000 -0.9796 0.2010
vn -0.0176 0.9802 0.1972
vn -0.0340 0.9238 0.3813
vn -0.0492 0.8326 0.5517
vn -0.0626 0.7095 0.7019
vn -0.0737 0.5587 0.8261
vn -0.0820 0.3856 0.9190
vn -0.0871 0.1968 0.9766
vn -0.0888 -0.0000 0.9960
vn -0.0871 -0.1968 0.9766
vn -0.0820 -0.3856 0.9190
vn -0.0737 -0.5587 0.8261
vn -0.0626 -0.7095 0.7019
vn -0.0492 -0.8326 0.5517
vn -0.0340 -0.9238 0.3813
vn -0.0176 -0.9802 0.1972
vn -0.0346 0.9819 0.1861
vn -0.0672 0.9299 0.3616
vn -0.0979 0.8443 0.5269
vn -0.1256 0.7258 0.6763
vn -0.1492 0.5767 0.8032
vn -0.1673 0.4011 0.9006
vn -0.1787 0.2059 0.9621
vn -0.1826 -0.0000 0.9832
vn -0.1787 -0.2059 0.9621
vn -0.1673 -0.4011 0.9006
vn -0.1492 -0.5767 0.8032
vn -0.1256 -0.7258 0.6763
vn -0.0979 -0.8443 0.5269
vn -0.0672 -0.9299 0.3616
vn -0.0346 -0.9819 0.1861
vn -0.0503 0.9845 0.1679
vn -0.0985 0.9393 0.3287
vn -0.1452 0.8626 0.4845
vn -0.1891 0.7524 0.6310
vn -0.2280 0.6072 0.7611
vn -0.2593 0.4284 0.8656
vn -0.2798 0.2221 0.9340
vn -0.2870 -0.0000 0.9579
vn -0.2798 -0.2221 0.9340
vn -0.2593 -0.4284 0.8656
vn -0.2280 -0.6072 0.7611
vn -0.1891 -0.7524 0.6310
vn -0.1452 -0.8626 0.4845
vn -0.0985 -0.9393 0.3287
vn -0.0503 -0.9845 0.1679
vn -0.0642 0.9876 0.1433
vn -0.1269 0.9507 0.2829
vn -0.1898 0.8859 0.4232
vn -0.2520 0.7879 0.5619
vn -0.3108 0.6503 0.6932
vn -0.3614 0.4690 0.8059
vn -0.3965 0.2472 0.8841
vn -0.4092 -0.0000 0.9125
vn -0.3965 -0.2472 0.8841
vn -0.3614 -0.4690 0.8059
vn -0.3108 -0.6503 0.6932
vn -0.2520 -0.7879 0.5619
vn -0.1898 -0.8859 0.4232
vn -0.1269 -0.9507 0.2829
vn -0.0642 -0.9876 0.1433
vn -0.0758 0.9907 0.1129
vn -0.1510 0.9626 0.2251
vn -0.2295 0.9112 0.3420
vn -0.3117 0.8289 0.4645
vn -0.3957 0.7040 0.5897
vn -0.4747 0.5239 0.7073
vn -0.5344 0.2833 0.7963
vn -0.5572 -0.0000 0.8303
vn -0.5344 -0.2833 0.7963
vn -0.4747 -0.5239 0.7073
vn -0.3957 -0.7040 0.5897
vn -0.3117 -0.8289 0.4645
vn -0.2295 -0.9112 0.3420
vn -0.1510 -0.9626 0.2251
vn -0.0758 -0.9907 0.1129
vn -0.0844 0.9934 0.0780
vn -0.1696 0.9730 0.1567
vn -0.2615 0.9345 0.2416
vn -0.3632 0.8692 0.3355
vn -0.4758 0.7618 0.4395
vn -0.5934 0.5894 0.5481
vn -0.6932 0.3308 0.6403
vn -0.7346 -0.0000 0.6785
vn -0.6932 -0.3308 0.6403
vn -0.5934 -0.5894 0.5481
vn -0.4758 -0.7618 0.4395
vn -0.3632 -0.8692 0.3355
vn -0.2615 -0.9345 0.2416
vn -0.1696 -0.9730 0.1567
vn -0.0844 -0.9934 0.0780
vn -0.0898 0.9952 0.0398
vn -0.1814 0.9801 0.0805
vn -0.2825 0.9510 0.1253
vn -0.3991 0.8997 0.1770
vn -0.5367 0.8095 0.2381
vn -0.6947 0.6500 0.3082
vn -0.8455 0.3800 0.3751
vn -0.9141 -0.0000 0.4055
vn -0.8455 -0.3800 0.3751
vn -0.6947 -0.6500 0.3082
vn -0.5367 -0.8095 0.2381
vn -0.3991 -0.8997 0.1770
vn -0.2825 -0.9510 0.1253
vn -0.1814 -0.9801 0.0805
vn -0.0898 -0.9952 0.0398
vn -0.0916 0.9958 -0.0000
vn -0.1854 0.9827 -0.0000
vn -0.2899 0.9571 -0.0000
vn -0.4121 0.9111 -0.0000
vn -0.5601 0.8285 -0.0000
vn -0.7368 0.6761 -0.0000
vn -0.9150 0.4034 -0.0000
vn -1.0000 -0.0000 -0.0000
vn -0.9150 -0.4034 -0.0000
vn -0.7368 -0.6761 -0.0000
vn -0.5601 -0.8285 -0.0000
vn -0.4121 -0.9111 -0.0000
vn -0.2899 -0.9571 -0.0000
vn -0.1854 -0.9827 -0.0000
vn -0.0916 -0.9958 -0.0000
vn -0.0898 0.9952 -0.0398
vn -0.1814 0.9801 -0.0805
vn -0.2825 0.9510 -0.1253
vn -0.3991 0.8997 -0.1770
vn -0.5367 0.8095 -0.2381
vn -0.6947 0.6500 -0.3082
vn -0.8455 0.3800 -0.3751
vn -0.9141 -0.0000 -0.4055
vn -0.8455 -0.3800 -0.3751
vn -0.6947 -0.6500 -0.3082
vn -0.5367 -0.8095 -0.2381
vn -0.3991 -0.8997 -0.1770
vn -0.2825 -0.9510 -0.1253
vn -0.1814 -0.9801 -0.0805
vn -0.0898 -0.9952 -0.0398
vn -0.0844 0.9934 -0.0780
vn -0.1696 0.9730 -0.1567
vn -0.2615 0.9345 -0.2416
vn -0.3632 0.8692 -0.3355
vn -0.4758 0.7618 -0.4395
vn -0.5934 0.5894 -0.5481
vn -0.6932 0.3308 -0.6403
vn -0.7346 -0.0000 -0.6785
vn -0.6932 -0.3308 -0.6403
vn -0.5934 -0.5894 -0.5481
vn -0.4758 -0.7618 -0.4395
vn -0.3632 -0.8692 -0.3355
vn -0.2615 -0.9345 -0.2416
vn -0.1696 -0.9730 -0.1567
vn -0.0844 -0.9934 -0.0780
vn -0.0758 0.9907 -0.1129
vn -0.1510 0.9626 -0.2251
vn -0.2295 0.9112 -0.3420
vn -0.3117 0.8289 -0.4645
vn -0.3957 0.7040 -0.5897
vn -0.4747 0.5239 -0.7073
vn -0.5344 0.2833 -0.7963
vn -0.5572 -0.0000 -0.8303
vn -0.5344 -0.2833 -0.7963
vn -0.4747 -0.5239 -0.7073
vn -0.3957 -0.7040 -0.5897
vn -0.3117 -0.8289 -0.4645
vn -0.2295 -0.9112 -0.3420
vn -0.1510 -0.9626 -0.2251
vn -0.0758 -0.9907 -0.1129
vn -0.0642 0.9876 -0.1433
vn -0.1269 0.9507 -0.2829
vn -0.1898 0.8859 -0.4232
vn -0.2520 0.7879 -0.5619
vn -0.3108 0.6503 -0.6932
vn -0.3614 0.4690 -0.8059
vn -0.3965 0.2472 -0.8841
vn -0.4092 -0.0000 -0.9125
vn -0.3965 -0.2472 -0.8841
vn -0.3614 -0.4690 -0.8059
vn -0.3108 -0.6503 -0.6932
vn -0.2520 -0.7879 -0.5619
vn -0.1898 -0.8859 -0.4232
vn -0.1269 -0.9507 -0.2829
vn -0.0642 -0.9876 -0.1433
vn -0.0503 0.9845 -0.1679
vn -0.0985 0.9393 -0.3287
vn -0.1452 0.8626 -0.4845
vn -0.1891 0.7524 -0.6310
vn -0.2280 0.6072 -0.7611
vn -0.2593 0.4284 -0.8656
vn -0.2798 0.2221 -0.9340
vn -0.2870 -0.0000 -0.9579
vn -0.2798 -0.2221 -0.9340
vn -0.2593 -0.4284 -0.8656
vn -0.2280 -0.6072 -0.7611
vn -0.1891 -0.7524 -0.6310
vn -0.1452 -0.8626 -0.4845
vn -0.0985 -0.9393 -0.3287
vn -0.0503 -0.9845 -0.1679
vn -0.0346 0.9819 -0.1861
vn -0.0672 0.9299 -0.3616
vn -0.0979 0.8443 -0.5269
vn -0.1256 0.7258 -0.6763
vn -0.1492 0.5767 -0.8032
vn -0.1673 0.4011 -0.9006
vn -0.1787 0.2059 -0.9621
vn -0.1826 -0.0000 -0.9832
vn -0.1787 -0.2059 -0.9621
vn -0.1673 -0.4011 -0.9006
vn -0.1492 -0.5767 -0.8032
vn -0.1256 -0.7258 -0.6763
vn -0.0979 -0.8443 -0.5269
vn -0.0672 -0.9299 -0.3616
vn -0.0346 -0.9819 -0.1861
vn -0.0176 0.9802 -0.1972
vn -0.0340 0.9238 -0.3813
vn -0.0492 0.8326 -0.5517
vn -0.0626 0.7095 -0.7019
vn -0.0737 0.5587 -0.8261
vn -0.0820 0.3856 -0.9190
vn -0.0871 0.1968 -0.9766
vn -0.0888 -0.0000 -0.9960
vn -0.0871 -0.1968 -0.9766
vn -0.0820 -0.3856 -0.9190
vn -0.0737 -0.5587 -0.8261
vn -0.0626 -0.7095 -0.7019
vn -0.0492 -0.8326 -0.5517
vn -0.0340 -0.9238 -0.3813
vn -0.0176 -0.9802 -0.1972
vn -0.0000 0.9796 -0.2010
vn -0.0000 0.9217 -0.3879
vn -0.0000 0.7041 -0.7101
vn -0.0000 0.3805 -0.9248
vn -0.0000 -0.3805 -0.9248
vn -0.0000 -0.7041 -0.7101
vn -0.0000 -0.8286 -0.5598
vn -0.0000 -0.9217 -0.3879
vn -0.0000 -0.9796 -0.2010
vt 0.150214 0.771771
vt 0.150214 0.777912
vt 0.147144 0.777912
vt 0.147144 0.771771
vt 0.150214 0.722648
vt 0.150214 0.728788
vt 0.147144 0.728788
vt 0.147144 0.722648
vt 0.150214 0.765631
vt 0.147144 0.765631
vt 0.150214 0.716507
vt 0.147144 0.716507
vt 0.150214 0.759490
vt 0.147144 0.759490
vt 0.150214 0.710366
vt 0.147144 0.710366
vt 0.150214 0.753350
vt 0.147144 0.753350
vt 0.150214 0.704226
vt 0.147144 0.704226
vt 0.150214 0.747209
vt 0.147144 0.747209
vt 0.150214 0.698086
vt 0.147144 0.698086
vt 0.150214 0.741069
vt 0.147144 0.741069
vt 0.150214 0.691945
vt 0.147144 0.691945
vt 0.150214 0.734928
vt 0.147144 0.734928
vt 0.148679 0.784052
vt 0.148679 0.685805
vt 0.144074 0.741069
vt 0.144074 0.734928
vt 0.145609 0.784052
vt 0.144074 0.777912
vt 0.145609 0.685805
vt 0.144074 0.691945
vt 0.144074 0.728788
vt 0.144074 0.771771
vt 0.144074 0.722648
vt 0.144074 0.765631
vt 0.144074 0.716507
vt 0.144074 0.759490
vt 0.144074 0.710366
vt 0.144074 0.753350
vt 0.144074 0.704226
vt 0.144074 0.747209
vt 0.144074 0.698086
vt 0.141004 0.716507
vt 0.141004 0.710366
vt 0.141004 0.759490
vt 0.141004 0.753350
vt 0.141004 0.704226
vt 0.141004 0.747209
vt 0.141004 0.698086
vt 0.141004 0.741069
vt 0.141004 0.691945
vt 0.141004 0.734928
vt 0.142539 0.784052
vt 0.141004 0.777912
vt 0.142539 0.685805
vt 0.141004 0.728788
vt 0.141004 0.771771
vt 0.141004 0.722648
vt 0.141004 0.765631
vt 0.139469 0.685805
vt 0.137933 0.691945
vt 0.137933 0.734928
vt 0.137933 0.728788
vt 0.137933 0.777912
vt 0.137933 0.771771
vt 0.137933 0.722648
vt 0.137933 0.765631
vt 0.137933 0.716507
vt 0.137933 0.759490
vt 0.137933 0.710366
vt 0.137933 0.753350
vt 0.137933 0.704226
vt 0.137933 0.747209
vt 0.137933 0.698086
vt 0.137933 0.741069
vt 0.139469 0.784052
vt 0.134863 0.710366
vt 0.134863 0.704226
vt 0.134863 0.753350
vt 0.134863 0.747209
vt 0.134863 0.698086
vt 0.134863 0.741069
vt 0.134863 0.691945
vt 0.134863 0.734928
vt 0.136398 0.784052
vt 0.134863 0.777912
vt 0.136398 0.685805
vt 0.134863 0.728788
vt 0.134863 0.771771
vt 0.134863 0.722648
vt 0.134863 0.765631
vt 0.134863 0.716507
vt 0.134863 0.759490
vt 0.131793 0.777912
vt 0.131793 0.771771
vt 0.131793 0.728788
vt 0.131793 0.722648
vt 0.131793 0.765631
vt 0.131793 0.716507
vt 0.131793 0.759490
vt 0.131793 0.710366
vt 0.131793 0.753350
vt 0.131793 0.704226
vt 0.131793 0.747209
vt 0.131793 0.698086
vt 0.131793 0.741069
vt 0.131793 0.691945
vt 0.131793 0.734928
vt 0.133328 0.784052
vt 0.133328 0.685805
vt 0.128723 0.753350
vt 0.128723 0.747209
vt 0.128723 0.704226
vt 0.128723 0.698086
vt 0.128723 0.741069
vt 0.128723 0.691945
vt 0.128723 0.734928
vt 0.130258 0.784052
vt 0.128723 0.777912
vt 0.130258 0.685805
vt 0.128723 0.728788
vt 0.128723 0.771771
vt 0.128723 0.722648
vt 0.128723 0.765631
vt 0.128723 0.716507
vt 0.128723 0.759490
vt 0.128723 0.710366
vt 0.125653 0.728788
vt 0.125653 0.722648
vt 0.125653 0.771771
vt 0.125653 0.765631
vt 0.125653 0.716507
vt 0.125653 0.759490
vt 0.125653 0.710366
vt 0.125653 0.753350
vt 0.125653 0.704226
vt 0.125653 0.747209
vt 0.125653 0.698086
vt 0.125653 0.741069
vt 0.125653 0.691945
vt 0.125653 0.734928
vt 0.127188 0.784052
vt 0.125653 0.777912
vt 0.127188 0.685805
vt 0.122582 0.704226
vt 0.122582 0.698086
vt 0.122582 0.747209
vt 0.122582 0.741069
vt 0.122582 0.691945
vt 0.122582 0.734928
vt 0.124117 0.784052
vt 0.122582 0.777912
vt 0.124117 0.685805
vt 0.122582 0.728788
vt 0.122582 0.771771
vt 0.122582 0.722648
vt 0.122582 0.765631
vt 0.122582 0.716507
vt 0.122582 0.759490
vt 0.122582 0.710366
vt 0.122582 0.753350
vt 0.119512 0.771771
vt 0.119512 0.765631
vt 0.119512 0.722648
vt 0.119512 0.716507
vt 0.119512 0.759490
vt 0.119512 0.710366
vt 0.119512 0.753350
vt 0.119512 0.704226
vt 0.119512 0.747209
vt 0.119512 0.698086
vt 0.119512 0.741069
vt 0.119512 0.691945
vt 0.119512 0.734928
vt 0.121047 0.784052
vt 0.119512 0.777912
vt 0.121047 0.685805
vt 0.119512 0.728788
vt 0.116442 0.747209
vt 0.116442 0.741069
vt 0.116442 0.698086
vt 0.116442 0.691945
vt 0.116442 0.734928
vt 0.117977 0.784052
vt 0.116442 0.777912
vt 0.117977 0.685805
vt 0.116442 0.728788
vt 0.116442 0.771771
vt 0.116442 0.722648
vt 0.116442 0.765631
vt 0.116442 0.716507
vt 0.116442 0.759490
vt 0.116442 0.710366
vt 0.116442 0.753350
vt 0.116442 0.704226
vt 0.113372 0.722648
vt 0.113372 0.716507
vt 0.113372 0.765631
vt 0.113372 0.759490
vt 0.113372 0.710366
vt 0.113372 0.753350
vt 0.113372 0.704226
vt 0.113372 0.747209
vt 0.113372 0.698086
vt 0.113372 0.741069
vt 0.113372 0.691945
vt 0.113372 0.734928
vt 0.114907 0.784052
vt 0.113372 0.777912
vt 0.114907 0.685805
vt 0.113372 0.728788
vt 0.113372 0.771771
vt 0.110301 0.698086
vt 0.110301 0.691945
vt 0.110301 0.741069
vt 0.110301 0.734928
vt 0.111837 0.784052
vt 0.110301 0.777912
vt 0.111837 0.685805
vt 0.110301 0.728788
vt 0.110301 0.771771
vt 0.110301 0.722648
vt 0.110301 0.765631
vt 0.110301 0.716507
vt 0.110301 0.759490
vt 0.110301 0.710366
vt 0.110301 0.753350
vt 0.110301 0.704226
vt 0.110301 0.747209
vt 0.107231 0.716507
vt 0.107231 0.710366
vt 0.107231 0.759490
vt 0.107231 0.753350
vt 0.107231 0.704226
vt 0.107231 0.747209
vt 0.107231 0.698086
vt 0.107231 0.741069
vt 0.107231 0.691945
vt 0.107231 0.734928
vt 0.108766 0.784052
vt 0.107231 0.777912
vt 0.108766 0.685805
vt 0.107231 0.728788
vt 0.107231 0.771771
vt 0.107231 0.722648
vt 0.107231 0.765631
vt 0.105696 0.784052
vt 0.104161 0.777912
vt 0.105696 0.685805
vt 0.104161 0.691945
vt 0.104161 0.734928
vt 0.104161 0.728788
vt 0.104161 0.771771
vt 0.104161 0.722648
vt 0.104161 0.765631
vt 0.104161 0.716507
vt 0.104161 0.759490
vt 0.104161 0.710366
vt 0.104161 0.753350
vt 0.104161 0.704226
vt 0.104161 0.747209
vt 0.104161 0.698086
vt 0.104161 0.741069
vt 0.101091 0.759490
vt 0.101091 0.753350
vt 0.101091 0.710366
vt 0.101091 0.704226
vt 0.101091 0.747209
vt 0.101091 0.698086
vt 0.101091 0.741069
vt 0.101091 0.691945
vt 0.101091 0.734928
vt 0.102626 0.784052
vt 0.101091 0.777912
vt 0.102626 0.685805
vt 0.101091 0.728788
vt 0.101091 0.771771
vt 0.101091 0.722648
vt 0.101091 0.765631
vt 0.101091 0.716507
vt 0.098020 0.734928
vt 0.098020 0.728788
vt 0.098020 0.777912
vt 0.098020 0.771771
vt 0.098020 0.722648
vt 0.098020 0.765631
vt 0.098020 0.716507
vt 0.098020 0.759490
vt 0.098020 0.710366
vt 0.098020 0.753350
vt 0.098020 0.704226
vt 0.098020 0.747209
vt 0.098020 0.698086
vt 0.098020 0.741069
vt 0.098020 0.691945
vt 0.099556 0.784052
vt 0.099556 0.685805
vt 0.094950 0.710366
vt 0.094950 0.704226
vt 0.094950 0.753350
vt 0.094950 0.747209
vt 0.094950 0.698086
vt 0.094950 0.741069
vt 0.094950 0.691945
vt 0.094950 0.734928
vt 0.096485 0.784052
vt 0.094950 0.777912
vt 0.096485 0.685805
vt 0.094950 0.728788
vt 0.094950 0.771771
vt 0.094950 0.722648
vt 0.094950 0.765631
vt 0.094950 0.716507
vt 0.094950 0.759490
vt 0.091880 0.777912
vt 0.091880 0.771771
vt 0.091880 0.728788
vt 0.091880 0.722648
vt 0.091880 0.765631
vt 0.091880 0.716507
vt 0.091880 0.759490
vt 0.091880 0.710366
vt 0.091880 0.753350
vt 0.091880 0.704226
vt 0.091880 0.747209
vt 0.091880 0.698086
vt 0.091880 0.741069
vt 0.091880 0.691945
vt 0.091880 0.734928
vt 0.093415 0.784052
vt 0.093415 0.685805
vt 0.088810 0.753350
vt 0.088810 0.747209
vt 0.088810 0.704226
vt 0.088810 0.698086
vt 0.088810 0.741069
vt 0.088810 0.691945
vt 0.088810 0.734928
vt 0.090345 0.784052
vt 0.088810 0.777912
vt 0.090345 0.685805
vt 0.088810 0.728788
vt 0.088810 0.771771
vt 0.088810 0.722648
vt 0.088810 0.765631
vt 0.088810 0.716507
vt 0.088810 0.759490
vt 0.088810 0.710366
vt 0.085740 0.728788
vt 0.085740 0.722648
vt 0.085740 0.771771
vt 0.085740 0.765631
vt 0.085740 0.716507
vt 0.085740 0.759490
vt 0.085740 0.710366
vt 0.085740 0.753350
vt 0.085740 0.704226
vt 0.085740 0.747209
vt 0.085740 0.698086
vt 0.085740 0.741069
vt 0.085740 0.691945
vt 0.085740 0.734928
vt 0.087275 0.784052
vt 0.085740 0.777912
vt 0.087275 0.685805
vt 0.082669 0.704226
vt 0.082669 0.698086
vt 0.082669 0.747209
vt 0.082669 0.741069
vt 0.082669 0.691945
vt 0.082669 0.734928
vt 0.084204 0.784052
vt 0.082669 0.777912
vt 0.084204 0.685805
vt 0.082669 0.728788
vt 0.082669 0.771771
vt 0.082669 0.722648
vt 0.082669 0.765631
vt 0.082669 0.716507
vt 0.082669 0.759490
vt 0.082669 0.710366
vt 0.082669 0.753350
vt 0.079599 0.722648
vt 0.079599 0.716507
vt 0.079599 0.765631
vt 0.079599 0.759490
vt 0.079599 0.710366
vt 0.079599 0.753350
vt 0.079599 0.704226
vt 0.079599 0.747209
vt 0.079599 0.698086
vt 0.079599 0.741069
vt 0.079599 0.691945
vt 0.079599 0.734928
vt 0.081134 0.784052
vt 0.079599 0.777912
vt 0.081134 0.685805
vt 0.079599 0.728788
vt 0.079599 0.771771
vt 0.076529 0.698086
vt 0.076529 0.691945
vt 0.076529 0.741069
vt 0.076529 0.734928
vt 0.078064 0.784052
vt 0.076529 0.777912
vt 0.078064 0.685805
vt 0.076529 0.728788
vt 0.076529 0.771771
vt 0.076529 0.722648
vt 0.076529 0.765631
vt 0.076529 0.716507
vt 0.076529 0.759490
vt 0.076529 0.710366
vt 0.076529 0.753350
vt 0.076529 0.704226
vt 0.076529 0.747209
vt 0.174776 0.759490
vt 0.174776 0.765631
vt 0.171706 0.765631
vt 0.171706 0.759490
vt 0.174776 0.710366
vt 0.174776 0.716507
vt 0.171706 0.716507
vt 0.171706 0.710366
vt 0.174776 0.753350
vt 0.171706 0.753350
vt 0.174776 0.704226
vt 0.171706 0.704226
vt 0.174776 0.747209
vt 0.171706 0.747209
vt 0.174776 0.698086
vt 0.171706 0.698086
vt 0.174776 0.741069
vt 0.171706 0.741069
vt 0.174776 0.691945
vt 0.171706 0.691945
vt 0.174776 0.734928
vt 0.171706 0.734928
vt 0.174776 0.777912
vt 0.173241 0.784052
vt 0.171706 0.777912
vt 0.173241 0.685805
vt 0.174776 0.728788
vt 0.171706 0.728788
vt 0.174776 0.771771
vt 0.171706 0.771771
vt 0.174776 0.722648
vt 0.171706 0.722648
vt 0.168636 0.741069
vt 0.168636 0.734928
vt 0.170171 0.784052
vt 0.168636 0.777912
vt 0.170171 0.685805
vt 0.168636 0.691945
vt 0.168636 0.728788
vt 0.168636 0.771771
vt 0.168636 0.722648
vt 0.168636 0.765631
vt 0.168636 0.716507
vt 0.168636 0.759490
vt 0.168636 0.710366
vt 0.168636 0.753350
vt 0.168636 0.704226
vt 0.168636 0.747209
vt 0.168636 0.698086
vt 0.165566 0.716507
vt 0.165566 0.710366
vt 0.165566 0.759490
vt 0.165566 0.753350
vt 0.165566 0.704226
vt 0.165566 0.747209
vt 0.165566 0.698086
vt 0.165566 0.741069
vt 0.165566 0.691945
vt 0.165566 0.734928
vt 0.167101 0.784052
vt 0.165566 0.777912
vt 0.167101 0.685805
vt 0.165566 0.728788
vt 0.165566 0.771771
vt 0.165566 0.722648
vt 0.165566 0.765631
vt 0.164030 0.784052
vt 0.162495 0.777912
vt 0.164030 0.685805
vt 0.162495 0.691945
vt 0.162495 0.734928
vt 0.162495 0.728788
vt 0.162495 0.771771
vt 0.162495 0.722648
vt 0.162495 0.765631
vt 0.162495 0.716507
vt 0.162495 0.759490
vt 0.162495 0.710366
vt 0.162495 0.753350
vt 0.162495 0.704226
vt 0.162495 0.747209
vt 0.162495 0.698086
vt 0.162495 0.741069
vt 0.159425 0.759490
vt 0.159425 0.753350
vt 0.159425 0.710366
vt 0.159425 0.704226
vt 0.159425 0.747209
vt 0.159425 0.698086
vt 0.159425 0.741069
vt 0.159425 0.691945
vt 0.159425 0.734928
vt 0.160960 0.784052
vt 0.159425 0.777912
vt 0.160960 0.685805
vt 0.159425 0.728788
vt 0.159425 0.771771
vt 0.159425 0.722648
vt 0.159425 0.765631
vt 0.159425 0.716507
vt 0.156355 0.734928
vt 0.156355 0.728788
vt 0.156355 0.777912
vt 0.156355 0.771771
vt 0.156355 0.722648
vt 0.156355 0.765631
vt 0.156355 0.716507
vt 0.156355 0.759490
vt 0.156355 0.710366
vt 0.156355 0.753350
vt 0.156355 0.704226
vt 0.156355 0.747209
vt 0.156355 0.698086
vt 0.156355 0.741069
vt 0.156355 0.691945
vt 0.157890 0.784052
vt 0.157890 0.685805
vt 0.153285 0.710366
vt 0.153285 0.704226
vt 0.153285 0.753350
vt 0.153285 0.747209
vt 0.153285 0.698086
vt 0.153285 0.741069
vt 0.153285 0.691945
vt 0.153285 0.734928
vt 0.154820 0.784052
vt 0.153285 0.777912
vt 0.154820 0.685805
vt 0.153285 0.728788
vt 0.153285 0.771771
vt 0.153285 0.722648
vt 0.153285 0.765631
vt 0.153285 0.716507
vt 0.153285 0.759490
vt 0.151749 0.784052
vt 0.151749 0.685805
s 1
usemtl マテリアル
f 1037/706/995 1036/707/994 571/708/529 572/709/530
f 1040/710/998 568/711/526 579/712/537 580/713/538
f 564/714/522 1037/706/995 572/709/530 573/715/531
f 569/716/527 1040/710/998 580/713/538 581/717/539
f 1038/718/996 564/714/522 573/715/531 574/719/532
f 1041/720/999 569/716/527 581/717/539 582/721/540
f 565/722/523 1038/718/996 574/719/532 575/723/533
f 1042/724/1000 1041/720/999 582/721/540 583/725/541
f 1039/726/997 565/722/523 575/723/533 576/727/534
f 1043/728/1001 1042/724/1000 583/725/541 584/729/542
f 566/730/524 1039/726/997 576/727/534 577/731/535
f 1044/732/1002 1043/728/1001 584/729/542 585/733/543
f 567/734/525 566/730/524 577/731/535 578/735/536
f 1036/707/994 563/736/521 571/708/529
f 570/737/528 1044/732/1002 585/733/543
f 568/711/526 567/734/525 578/735/536 579/712/537
f 578/735/536 577/731/535 592/738/550 593/739/551
f 571/708/529 563/740/521 586/741/544
f 570/742/528 585/733/543 600/743/558
f 579/712/537 578/735/536 593/739/551 594/744/552
f 572/709/530 571/708/529 586/741/544 587/745/545
f 580/713/538 579/712/537 594/744/552 595/746/553
f 573/715/531 572/709/530 587/745/545 588/747/546
f 581/717/539 580/713/538 595/746/553 596/748/554
f 574/719/532 573/715/531 588/747/546 589/749/547
f 582/721/540 581/717/539 596/748/554 597/750/555
f 575/723/533 574/719/532 589/749/547 590/751/548
f 583/725/541 582/721/540 597/750/555 598/752/556
f 576/727/534 575/723/533 590/751/548 591/753/549
f 584/729/542 583/725/541 598/752/556 599/754/557
f 577/731/535 576/727/534 591/753/549 592/738/550
f 585/733/543 584/729/542 599/754/557 600/743/558
f 597/750/555 596/748/554 611/755/569 612/756/570
f 590/751/548 589/749/547 604/757/562 605/758/563
f 598/752/556 597/750/555 612/756/570 613/759/571
f 591/753/549 590/751/548 605/758/563 606/760/564
f 599/754/557 598/752/556 613/759/571 614/761/572
f 592/738/550 591/753/549 606/760/564 607/762/565
f 600/743/558 599/754/557 614/761/572 615/763/573
f 593/739/551 592/738/550 607/762/565 608/764/566
f 586/741/544 563/765/521 601/766/559
f 570/767/528 600/743/558 615/763/573
f 594/744/552 593/739/551 608/764/566 609/768/567
f 587/745/545 586/741/544 601/766/559 602/769/560
f 595/746/553 594/744/552 609/768/567 610/770/568
f 588/747/546 587/745/545 602/769/560 603/771/561
f 596/748/554 595/746/553 610/770/568 611/755/569
f 589/749/547 588/747/546 603/771/561 604/757/562
f 570/772/528 615/763/573 630/773/588
f 609/768/567 608/764/566 623/774/581 624/775/582
f 602/769/560 601/766/559 616/776/574 617/777/575
f 610/770/568 609/768/567 624/775/582 625/778/583
f 603/771/561 602/769/560 617/777/575 618/779/576
f 611/755/569 610/770/568 625/778/583 626/780/584
f 604/757/562 603/771/561 618/779/576 619/781/577
f 612/756/570 611/755/569 626/780/584 627/782/585
f 605/758/563 604/757/562 619/781/577 620/783/578
f 613/759/571 612/756/570 627/782/585 628/784/586
f 606/760/564 605/758/563 620/783/578 621/785/579
f 614/761/572 613/759/571 628/784/586 629/786/587
f 607/762/565 606/760/564 621/785/579 622/787/580
f 615/763/573 614/761/572 629/786/587 630/773/588
f 608/764/566 607/762/565 622/787/580 623/774/581
f 601/766/559 563/788/521 616/776/574
f 628/784/586 627/782/585 642/789/600 643/790/601
f 621/785/579 620/783/578 635/791/593 636/792/594
f 629/786/587 628/784/586 643/790/601 644/793/602
f 622/787/580 621/785/579 636/792/594 637/794/595
f 630/773/588 629/786/587 644/793/602 645/795/603
f 623/774/581 622/787/580 637/794/595 638/796/596
f 616/776/574 563/797/521 631/798/589
f 570/799/528 630/773/588 645/795/603
f 624/775/582 623/774/581 638/796/596 639/800/597
f 617/777/575 616/776/574 631/798/589 632/801/590
f 625/778/583 624/775/582 639/800/597 640/802/598
f 618/779/576 617/777/575 632/801/590 633/803/591
f 626/780/584 625/778/583 640/802/598 641/804/599
f 619/781/577 618/779/576 633/803/591 634/805/592
f 627/782/585 626/780/584 641/804/599 642/789/600
f 620/783/578 619/781/577 634/805/592 635/791/593
f 632/801/590 631/798/589 646/806/604 647/807/605
f 640/802/598 639/800/597 654/808/612 655/809/613
f 633/803/591 632/801/590 647/807/605 648/810/606
f 641/804/599 640/802/598 655/809/613 656/811/614
f 634/805/592 633/803/591 648/810/606 649/812/607
f 642/789/600 641/804/599 656/811/614 657/813/615
f 635/791/593 634/805/592 649/812/607 650/814/608
f 643/790/601 642/789/600 657/813/615 658/815/616
f 636/792/594 635/791/593 650/814/608 651/816/609
f 644/793/602 643/790/601 658/815/616 659/817/617
f 637/794/595 636/792/594 651/816/609 652/818/610
f 645/795/603 644/793/602 659/817/617 660/819/618
f 638/796/596 637/794/595 652/818/610 653/820/611
f 631/798/589 563/821/521 646/806/604
f 570/822/528 645/795/603 660/819/618
f 639/800/597 638/796/596 653/820/611 654/808/612
f 651/816/609 650/814/608 665/823/623 666/824/624
f 659/817/617 658/815/616 673/825/631 674/826/632
f 652/818/610 651/816/609 666/824/624 667/827/625
f 660/819/618 659/817/617 674/826/632 675/828/633
f 653/820/611 652/818/610 667/827/625 668/829/626
f 646/806/604 563/830/521 661/831/619
f 570/832/528 660/819/618 675/828/633
f 654/808/612 653/820/611 668/829/626 669/833/627
f 647/807/605 646/806/604 661/831/619 662/834/620
f 655/809/613 654/808/612 669/833/627 670/835/628
f 648/810/606 647/807/605 662/834/620 663/836/621
f 656/811/614 655/809/613 670/835/628 671/837/629
f 649/812/607 648/810/606 663/836/621 664/838/622
f 657/813/615 656/811/614 671/837/629 672/839/630
f 650/814/608 649/812/607 664/838/622 665/823/623
f 658/815/616 657/813/615 672/839/630 673/825/631
f 670/835/628 669/833/627 684/840/642 685/841/643
f 663/836/621 662/834/620 677/842/635 678/843/636
f 671/837/629 670/835/628 685/841/643 686/844/644
f 664/838/622 663/836/621 678/843/636 679/845/637
f 672/839/630 671/837/629 686/844/644 687/846/645
f 665/823/623 664/838/622 679/845/637 680/847/638
f 673/825/631 672/839/630 687/846/645 688/848/646
f 666/824/624 665/823/623 680/847/638 681/849/639
f 674/826/632 673/825/631 688/848/646 689/850/647
f 667/827/625 666/824/624 681/849/639 682/851/640
f 675/828/633 674/826/632 689/850/647 690/852/648
f 668/829/626 667/827/625 682/851/640 683/853/641
f 661/831/619 563/854/521 676/855/634
f 570/856/528 675/828/633 690/852/648
f 669/833/627 668/829/626 683/853/641 684/840/642
f 662/834/620 661/831/619 676/855/634 677/842/635
f 689/850/647 688/848/646 703/857/661 704/858/662
f 682/851/640 681/849/639 696/859/654 697/860/655
f 690/852/648 689/850/647 704/858/662 705/861/663
f 683/853/641 682/851/640 697/860/655 698/862/656
f 676/855/634 563/863/521 691/864/649
f 570/865/528 690/852/648 705/861/663
f 684/840/642 683/853/641 698/862/656 699/866/657
f 677/842/635 676/855/634 691/864/649 692/867/650
f 685/841/643 684/840/642 699/866/657 700/868/658
f 678/843/636 677/842/635 692/867/650 693/869/651
f 686/844/644 685/841/643 700/868/658 701/870/659
f 679/845/637 678/843/636 693/869/651 694/871/652
f 687/846/645 686/844/644 701/870/659 702/872/660
f 680/847/638 679/845/637 694/871/652 695/873/653
f 688/848/646 687/846/645 702/872/660 703/857/661
f 681/849/639 680/847/638 695/873/653 696/859/654
f 693/869/651 692/867/650 707/874/665 708/875/666
f 701/870/659 700/868/658 715/876/673 716/877/674
f 694/871/652 693/869/651 708/875/666 709/878/667
f 702/872/660 701/870/659 716/877/674 717/879/675
f 695/873/653 694/871/652 709/878/667 710/880/668
f 703/857/661 702/872/660 717/879/675 718/881/676
f 696/859/654 695/873/653 710/880/668 711/882/669
f 704/858/662 703/857/661 718/881/676 719/883/677
f 697/860/655 696/859/654 711/882/669 712/884/670
f 705/861/663 704/858/662 719/883/677 720/885/678
f 698/862/656 697/860/655 712/884/670 713/886/671
f 691/864/649 563/887/521 706/888/664
f 570/889/528 705/861/663 720/885/678
f 699/866/657 698/862/656 713/886/671 714/890/672
f 692/867/650 691/864/649 706/888/664 707/874/665
f 700/868/658 699/866/657 714/890/672 715/876/673
f 712/884/670 711/882/669 726/891/684 727/892/685
f 720/885/678 719/883/677 734/893/692 735/894/693
f 713/886/671 712/884/670 727/892/685 728/895/686
f 706/888/664 563/896/521 721/897/679
f 570/898/528 720/885/678 735/894/693
f 714/890/672 713/886/671 728/895/686 729/899/687
f 707/874/665 706/888/664 721/897/679 722/900/680
f 715/876/673 714/890/672 729/899/687 730/901/688
f 708/875/666 707/874/665 722/900/680 723/902/681
f 716/877/674 715/876/673 730/901/688 731/903/689
f 709/878/667 708/875/666 723/902/681 724/904/682
f 717/879/675 716/877/674 731/903/689 732/905/690
f 710/880/668 709/878/667 724/904/682 725/906/683
f 718/881/676 717/879/675 732/905/690 733/907/691
f 711/882/669 710/880/668 725/906/683 726/891/684
f 719/883/677 718/881/676 733/907/691 734/893/692
f 731/903/689 730/901/688 745/908/703 746/909/704
f 724/904/682 723/902/681 738/910/696 739/911/697
f 732/905/690 731/903/689 746/909/704 747/912/705
f 725/906/683 724/904/682 739/911/697 740/913/698
f 733/907/691 732/905/690 747/912/705 748/914/706
f 726/891/684 725/906/683 740/913/698 741/915/699
f 734/893/692 733/907/691 748/914/706 749/916/707
f 727/892/685 726/891/684 741/915/699 742/917/700
f 735/894/693 734/893/692 749/916/707 750/918/708
f 728/895/686 727/892/685 742/917/700 743/919/701
f 721/897/679 563/920/521 736/921/694
f 570/922/528 735/894/693 750/918/708
f 729/899/687 728/895/686 743/919/701 744/923/702
f 722/900/680 721/897/679 736/921/694 737/924/695
f 730/901/688 729/899/687 744/923/702 745/908/703
f 723/902/681 722/900/680 737/924/695 738/910/696
f 750/918/708 749/916/707 764/925/722 765/926/723
f 743/919/701 742/917/700 757/927/715 758/928/716
f 736/921/694 563/929/521 751/930/709
f 570/931/528 750/918/708 765/926/723
f 744/923/702 743/919/701 758/928/716 759/932/717
f 737/924/695 736/921/694 751/930/709 752/933/710
f 745/908/703 744/923/702 759/932/717 760/934/718
f 738/910/696 737/924/695 752/933/710 753/935/711
f 746/909/704 745/908/703 760/934/718 761/936/719
f 739/911/697 738/910/696 753/935/711 754/937/712
f 747/912/705 746/909/704 761/936/719 762/938/720
f 740/913/698 739/911/697 754/937/712 755/939/713
f 748/914/706 747/912/705 762/938/720 763/940/721
f 741/915/699 740/913/698 755/939/713 756/941/714
f 749/916/707 748/914/706 763/940/721 764/925/722
f 742/917/700 741/915/699 756/941/714 757/927/715
f 762/938/720 761/936/719 776/942/734 777/943/735
f 755/939/713 754/937/712 769/944/727 770/945/728
f 763/940/721 762/938/720 777/943/735 778/946/736
f 756/941/714 755/939/713 770/945/728 771/947/729
f 764/925/722 763/940/721 778/946/736 779/948/737
f 757/927/715 756/941/714 771/947/729 772/949/730
f 765/926/723 764/925/722 779/948/737 780/950/738
f 758/928/716 757/927/715 772/949/730 773/951/731
f 751/930/709 563/952/521 766/953/724
f 570/954/528 765/926/723 780/950/738
f 759/932/717 758/928/716 773/951/731 774/955/732
f 752/933/710 751/930/709 766/953/724 767/956/725
f 760/934/718 759/932/717 774/955/732 775/957/733
f 753/935/711 752/933/710 767/956/725 768/958/726
f 761/936/719 760/934/718 775/957/733 776/942/734
f 754/937/712 753/935/711 768/958/726 769/944/727
f 766/953/724 563/959/521 781/960/739
f 570/961/528 780/950/738 795/962/753
f 774/955/732 773/951/731 788/963/746 789/964/747
f 767/956/725 766/953/724 781/960/739 782/965/740
f 775/957/733 774/955/732 789/964/747 790/966/748
f 768/958/726 767/956/725 782/965/740 783/967/741
f 776/942/734 775/957/733 790/966/748 791/968/749
f 769/944/727 768/958/726 783/967/741 784/969/742
f 777/943/735 776/942/734 791/968/749 792/970/750
f 770/945/728 769/944/727 784/969/742 785/971/743
f 778/946/736 777/943/735 792/970/750 793/972/751
f 771/947/729 770/945/728 785/971/743 786/973/744
f 779/948/737 778/946/736 793/972/751 794/974/752
f 772/949/730 771/947/729 786/973/744 787/975/745
f 780/950/738 779/948/737 794/974/752 795/962/753
f 773/951/731 772/949/730 787/975/745 788/963/746
f 785/971/743 784/969/742 799/976/757 800/977/758
f 793/972/751 792/970/750 807/978/765 808/979/766
f 786/973/744 785/971/743 800/977/758 801/980/759
f 794/974/752 793/972/751 808/979/766 809/981/767
f 787/975/745 786/973/744 801/980/759 802/982/760
f 795/962/753 794/974/752 809/981/767 810/983/768
f 788/963/746 787/975/745 802/982/760 803/984/761
f 781/960/739 563/985/521 796/986/754
f 570/987/528 795/962/753 810/983/768
f 789/964/747 788/963/746 803/984/761 804/988/762
f 782/965/740 781/960/739 796/986/754 797/989/755
f 790/966/748 789/964/747 804/988/762 805/990/763
f 783/967/741 782/965/740 797/989/755 798/991/756
f 791/968/749 790/966/748 805/990/763 806/992/764
f 784/969/742 783/967/741 798/991/756 799/976/757
f 792/970/750 791/968/749 806/992/764 807/978/765
f 804/988/762 803/984/761 818/993/776 819/994/777
f 797/989/755 796/986/754 811/995/769 812/996/770
f 805/990/763 804/988/762 819/994/777 820/997/778
f 798/991/756 797/989/755 812/996/770 813/998/771
f 806/992/764 805/990/763 820/997/778 821/999/779
f 799/976/757 798/991/756 813/998/771 814/1000/772
f 807/978/765 806/992/764 821/999/779 822/1001/780
f 800/977/758 799/976/757 814/1000/772 815/1002/773
f 808/979/766 807/978/765 822/1001/780 823/1003/781
f 801/980/759 800/977/758 815/1002/773 816/1004/774
f 809/981/767 808/979/766 823/1003/781 824/1005/782
f 802/982/760 801/980/759 816/1004/774 817/1006/775
f 810/983/768 809/981/767 824/1005/782 825/1007/783
f 803/984/761 802/982/760 817/1006/775 818/993/776
f 796/986/754 563/1008/521 811/995/769
f 570/1009/528 810/983/768 825/1007/783
f 823/1003/781 822/1001/780 837/1010/795 838/1011/796
f 816/1004/774 815/1002/773 830/1012/788 831/1013/789
f 824/1005/782 823/1003/781 838/1011/796 839/1014/797
f 817/1006/775 816/1004/774 831/1013/789 832/1015/790
f 825/1007/783 824/1005/782 839/1014/797 840/1016/798
f 818/993/776 817/1006/775 832/1015/790 833/1017/791
f 811/995/769 563/1018/521 826/1019/784
f 570/1020/528 825/1007/783 840/1016/798
f 819/994/777 818/993/776 833/1017/791 834/1021/792
f 812/996/770 811/995/769 826/1019/784 827/1022/785
f 820/997/778 819/994/777 834/1021/792 835/1023/793
f 813/998/771 812/996/770 827/1022/785 828/1024/786
f 821/999/779 820/997/778 835/1023/793 836/1025/794
f 814/1000/772 813/998/771 828/1024/786 829/1026/787
f 822/1001/780 821/999/779 836/1025/794 837/1010/795
f 815/1002/773 814/1000/772 829/1026/787 830/1012/788
f 827/1022/785 826/1019/784 841/1027/799 842/1028/800
f 835/1023/793 834/1021/792 849/1029/807 850/1030/808
f 828/1024/786 827/1022/785 842/1028/800 843/1031/801
f 836/1025/794 835/1023/793 850/1030/808 851/1032/809
f 829/1026/787 828/1024/786 843/1031/801 844/1033/802
f 837/1010/795 836/1025/794 851/1032/809 852/1034/810
f 830/1012/788 829/1026/787 844/1033/802 845/1035/803
f 838/1011/796 837/1010/795 852/1034/810 853/1036/811
f 831/1013/789 830/1012/788 845/1035/803 846/1037/804
f 839/1014/797 838/1011/796 853/1036/811 854/1038/812
f 832/1015/790 831/1013/789 846/1037/804 847/1039/805
f 840/1016/798 839/1014/797 854/1038/812 855/1040/813
f 833/1017/791 832/1015/790 847/1039/805 848/1041/806
f 826/1019/784 563/1042/521 841/1027/799
f 570/1043/528 840/1016/798 855/1040/813
f 834/1021/792 833/1017/791 848/1041/806 849/1029/807
f 846/1037/804 845/1035/803 860/1044/818 861/1045/819
f 854/1038/812 853/1036/811 868/1046/826 869/1047/827
f 847/1039/805 846/1037/804 861/1045/819 862/1048/820
f 855/1040/813 854/1038/812 869/1047/827 870/1049/828
f 848/1041/806 847/1039/805 862/1048/820 863/1050/821
f 841/1027/799 563/1051/521 856/1052/814
f 570/1053/528 855/1040/813 870/1049/828
f 849/1029/807 848/1041/806 863/1050/821 864/1054/822
f 842/1028/800 841/1027/799 856/1052/814 857/1055/815
f 850/1030/808 849/1029/807 864/1054/822 865/1056/823
f 843/1031/801 842/1028/800 857/1055/815 858/1057/816
f 851/1032/809 850/1030/808 865/1056/823 866/1058/824
f 844/1033/802 843/1031/801 858/1057/816 859/1059/817
f 852/1034/810 851/1032/809 866/1058/824 867/1060/825
f 845/1035/803 844/1033/802 859/1059/817 860/1044/818
f 853/1036/811 852/1034/810 867/1060/825 868/1046/826
f 865/1056/823 864/1054/822 879/1061/837 880/1062/838
f 858/1057/816 857/1055/815 872/1063/830 873/1064/831
f 866/1058/824 865/1056/823 880/1062/838 881/1065/839
f 859/1059/817 858/1057/816 873/1064/831 874/1066/832
f 867/1060/825 866/1058/824 881/1065/839 882/1067/840
f 860/1044/818 859/1059/817 874/1066/832 875/1068/833
f 868/1046/826 867/1060/825 882/1067/840 883/1069/841
f 861/1045/819 860/1044/818 875/1068/833 876/1070/834
f 869/1047/827 868/1046/826 883/1069/841 884/1071/842
f 862/1048/820 861/1045/819 876/1070/834 877/1072/835
f 870/1049/828 869/1047/827 884/1071/842 885/1073/843
f 863/1050/821 862/1048/820 877/1072/835 878/1074/836
f 856/1052/814 563/1075/521 871/1076/829
f 570/1077/528 870/1049/828 885/1073/843
f 864/1054/822 863/1050/821 878/1074/836 879/1061/837
f 857/1055/815 856/1052/814 871/1076/829 872/1063/830
f 884/1071/842 883/1069/841 898/1078/856 899/1079/857
f 877/1072/835 876/1070/834 891/1080/849 892/1081/850
f 885/1073/843 884/1071/842 899/1079/857 900/1082/858
f 878/1074/836 877/1072/835 892/1081/850 893/1083/851
f 871/1076/829 563/1084/521 886/1085/844
f 570/1086/528 885/1073/843 900/1082/858
f 879/1061/837 878/1074/836 893/1083/851 894/1087/852
f 872/1063/830 871/1076/829 886/1085/844 887/1088/845
f 880/1062/838 879/1061/837 894/1087/852 895/1089/853
f 873/1064/831 872/1063/830 887/1088/845 888/1090/846
f 881/1065/839 880/1062/838 895/1089/853 896/1091/854
f 874/1066/832 873/1064/831 888/1090/846 889/1092/847
f 882/1067/840 881/1065/839 896/1091/854 897/1093/855
f 875/1068/833 874/1066/832 889/1092/847 890/1094/848
f 883/1069/841 882/1067/840 897/1093/855 898/1078/856
f 876/1070/834 875/1068/833 890/1094/848 891/1080/849
f 896/1091/854 895/1089/853 910/1095/868 911/1096/869
f 889/1092/847 888/1090/846 903/1097/861 904/1098/862
f 897/1093/855 896/1091/854 911/1096/869 912/1099/870
f 890/1094/848 889/1092/847 904/1098/862 905/1100/863
f 898/1078/856 897/1093/855 912/1099/870 913/1101/871
f 891/1080/849 890/1094/848 905/1100/863 906/1102/864
f 899/1079/857 898/1078/856 913/1101/871 914/1103/872
f 892/1081/850 891/1080/849 906/1102/864 907/1104/865
f 900/1082/858 899/1079/857 914/1103/872 915/1105/873
f 893/1083/851 892/1081/850 907/1104/865 908/1106/866
f 886/1085/844 563/1107/521 901/1108/859
f 570/1109/528 900/1082/858 915/1105/873
f 894/1087/852 893/1083/851 908/1106/866 909/1110/867
f 887/1088/845 886/1085/844 901/1108/859 902/1111/860
f 895/1089/853 894/1087/852 909/1110/867 910/1095/868
f 888/1090/846 887/1088/845 902/1111/860 903/1097/861
f 915/1105/873 914/1103/872 929/1112/887 930/1113/888
f 908/1106/866 907/1104/865 922/1114/880 923/1115/881
f 901/1108/859 563/1116/521 916/1117/874
f 570/1118/528 915/1105/873 930/1113/888
f 909/1110/867 908/1106/866 923/1115/881 924/1119/882
f 902/1111/860 901/1108/859 916/1117/874 917/1120/875
f 910/1095/868 909/1110/867 924/1119/882 925/1121/883
f 903/1097/861 902/1111/860 917/1120/875 918/1122/876
f 911/1096/869 910/1095/868 925/1121/883 926/1123/884
f 904/1098/862 903/1097/861 918/1122/876 919/1124/877
f 912/1099/870 911/1096/869 926/1123/884 927/1125/885
f 905/1100/863 904/1098/862 919/1124/877 920/1126/878
f 913/1101/871 912/1099/870 927/1125/885 928/1127/886
f 906/1102/864 905/1100/863 920/1126/878 921/1128/879
f 914/1103/872 913/1101/871 928/1127/886 929/1112/887
f 907/1104/865 906/1102/864 921/1128/879 922/1114/880
f 919/1129/877 918/1130/876 933/1131/891 934/1132/892
f 927/1133/885 926/1134/884 941/1135/899 942/1136/900
f 920/1137/878 919/1129/877 934/1132/892 935/1138/893
f 928/1139/886 927/1133/885 942/1136/900 943/1140/901
f 921/1141/879 920/1137/878 935/1138/893 936/1142/894
f 929/1143/887 928/1139/886 943/1140/901 944/1144/902
f 922/1145/880 921/1141/879 936/1142/894 937/1146/895
f 930/1147/888 929/1143/887 944/1144/902 945/1148/903
f 923/1149/881 922/1145/880 937/1146/895 938/1150/896
f 916/1151/874 563/1152/521 931/1153/889
f 570/1154/528 930/1147/888 945/1148/903
f 924/1155/882 923/1149/881 938/1150/896 939/1156/897
f 917/1157/875 916/1151/874 931/1153/889 932/1158/890
f 925/1159/883 924/1155/882 939/1156/897 940/1160/898
f 918/1130/876 917/1157/875 932/1158/890 933/1131/891
f 926/1134/884 925/1159/883 940/1160/898 941/1135/899
f 938/1150/896 937/1146/895 952/1161/910 953/1162/911
f 931/1153/889 563/1163/521 946/1164/904
f 570/1165/528 945/1148/903 960/1166/918
f 939/1156/897 938/1150/896 953/1162/911 954/1167/912
f 932/1158/890 931/1153/889 946/1164/904 947/1168/905
f 940/1160/898 939/1156/897 954/1167/912 955/1169/913
f 933/1131/891 932/1158/890 947/1168/905 948/1170/906
f 941/1135/899 940/1160/898 955/1169/913 956/1171/914
f 934/1132/892 933/1131/891 948/1170/906 949/1172/907
f 942/1136/900 941/1135/899 956/1171/914 957/1173/915
f 935/1138/893 934/1132/892 949/1172/907 950/1174/908
f 943/1140/901 942/1136/900 957/1173/915 958/1175/916
f 936/1142/894 935/1138/893 950/1174/908 951/1176/909
f 944/1144/902 943/1140/901 958/1175/916 959/1177/917
f 937/1146/895 936/1142/894 951/1176/909 952/1161/910
f 945/1148/903 944/1144/902 959/1177/917 960/1166/918
f 957/1173/915 956/1171/914 971/1178/929 972/1179/930
f 950/1174/908 949/1172/907 964/1180/922 965/1181/923
f 958/1175/916 957/1173/915 972/1179/930 973/1182/931
f 951/1176/909 950/1174/908 965/1181/923 966/1183/924
f 959/1177/917 958/1175/916 973/1182/931 974/1184/932
f 952/1161/910 951/1176/909 966/1183/924 967/1185/925
f 960/1166/918 959/1177/917 974/1184/932 975/1186/933
f 953/1162/911 952/1161/910 967/1185/925 968/1187/926
f 946/1164/904 563/1188/521 961/1189/919
f 570/1190/528 960/1166/918 975/1186/933
f 954/1167/912 953/1162/911 968/1187/926 969/1191/927
f 947/1168/905 946/1164/904 961/1189/919 962/1192/920
f 955/1169/913 954/1167/912 969/1191/927 970/1193/928
f 948/1170/906 947/1168/905 962/1192/920 963/1194/921
f 956/1171/914 955/1169/913 970/1193/928 971/1178/929
f 949/1172/907 948/1170/906 963/1194/921 964/1180/922
f 961/1189/919 563/1195/521 976/1196/934
f 570/1197/528 975/1186/933 990/1198/948
f 969/1191/927 968/1187/926 983/1199/941 984/1200/942
f 962/1192/920 961/1189/919 976/1196/934 977/1201/935
f 970/1193/928 969/1191/927 984/1200/942 985/1202/943
f 963/1194/921 962/1192/920 977/1201/935 978/1203/936
f 971/1178/929 970/1193/928 985/1202/943 986/1204/944
f 964/1180/922 963/1194/921 978/1203/936 979/1205/937
f 972/1179/930 971/1178/929 986/1204/944 987/1206/945
f 965/1181/923 964/1180/922 979/1205/937 980/1207/938
f 973/1182/931 972/1179/930 987/1206/945 988/1208/946
f 966/1183/924 965/1181/923 980/1207/938 981/1209/939
f 974/1184/932 973/1182/931 988/1208/946 989/1210/947
f 967/1185/925 966/1183/924 981/1209/939 982/1211/940
f 975/1186/933 974/1184/932 989/1210/947 990/1198/948
f 968/1187/926 967/1185/925 982/1211/940 983/1199/941
f 980/1207/938 979/1205/937 994/1212/952 995/1213/953
f 988/1208/946 987/1206/945 1002/1214/960 1003/1215/961
f 981/1209/939 980/1207/938 995/1213/953 996/1216/954
f 989/1210/947 988/1208/946 1003/1215/961 1004/1217/962
f 982/1211/940 981/1209/939 996/1216/954 997/1218/955
f 990/1198/948 989/1210/947 1004/1217/962 1005/1219/963
f 983/1199/941 982/1211/940 997/1218/955 998/1220/956
f 976/1196/934 563/1221/521 991/1222/949
f 570/1223/528 990/1198/948 1005/1219/963
f 984/1200/942 983/1199/941 998/1220/956 999/1224/957
f 977/1201/935 976/1196/934 991/1222/949 992/1225/950
f 985/1202/943 984/1200/942 999/1224/957 1000/1226/958
f 978/1203/936 977/1201/935 992/1225/950 993/1227/951
f 986/1204/944 985/1202/943 1000/1226/958 1001/1228/959
f 979/1205/937 978/1203/936 993/1227/951 994/1212/952
f 987/1206/945 986/1204/944 1001/1228/959 1002/1214/960
f 999/1224/957 998/1220/956 1013/1229/971 1014/1230/972
f 992/1225/950 991/1222/949 1006/1231/964 1007/1232/965
f 1000/1226/958 999/1224/957 1014/1230/972 1015/1233/973
f 993/1227/951 992/1225/950 1007/1232/965 1008/1234/966
f 1001/1228/959 1000/1226/958 1015/1233/973 1016/1235/974
f 994/1212/952 993/1227/951 1008/1234/966 1009/1236/967
f 1002/1214/960 1001/1228/959 1016/1235/974 1017/1237/975
f 995/1213/953 994/1212/952 1009/1236/967 1010/1238/968
f 1003/1215/961 1002/1214/960 1017/1237/975 1018/1239/976
f 996/1216/954 995/1213/953 1010/1238/968 1011/1240/969
f 1004/1217/962 1003/1215/961 1018/1239/976 1019/1241/977
f 997/1218/955 996/1216/954 1011/1240/969 1012/1242/970
f 1005/1219/963 1004/1217/962 1019/1241/977 1020/1243/978
f 998/1220/956 997/1218/955 1012/1242/970 1013/1229/971
f 991/1222/949 563/1244/521 1006/1231/964
f 570/1245/528 1005/1219/963 1020/1243/978
f 1018/1239/976 1017/1237/975 1032/1246/990 1033/1247/991
f 1011/1240/969 1010/1238/968 1025/1248/983 1026/1249/984
f 1019/1241/977 1018/1239/976 1033/1247/991 1034/1250/992
f 1012/1242/970 1011/1240/969 1026/1249/984 1027/1251/985
f 1020/1243/978 1019/1241/977 1034/1250/992 1035/1252/993
f 1013/1229/971 1012/1242/970 1027/1251/985 1028/1253/986
f 1006/1231/964 563/1254/521 1021/1255/979
f 570/1256/528 1020/1243/978 1035/1252/993
f 1014/1230/972 1013/1229/971 1028/1253/986 1029/1257/987
f 1007/1232/965 1006/1231/964 1021/1255/979 1022/1258/980
f 1015/1233/973 1014/1230/972 1029/1257/987 1030/1259/988
f 1008/1234/966 1007/1232/965 1022/1258/980 1023/1260/981
f 1016/1235/974 1015/1233/973 1030/1259/988 1031/1261/989
f 1009/1236/967 1008/1234/966 1023/1260/981 1024/1262/982
f 1017/1237/975 1016/1235/974 1031/1261/989 1032/1246/990
f 1010/1238/968 1009/1236/967 1024/1262/982 1025/1248/983
f 1030/1259/988 1029/1257/987 568/711/526 1040/710/998
f 1023/1260/981 1022/1258/980 1037/706/995 564/714/522
f 1031/1261/989 1030/1259/988 1040/710/998 569/716/527
f 1024/1262/982 1023/1260/981 564/714/522 1038/718/996
f 1032/1246/990 1031/1261/989 569/716/527 1041/720/999
f 1025/1248/983 1024/1262/982 1038/718/996 565/722/523
f 1033/1247/991 1032/1246/990 1041/720/999 1042/724/1000
f 1026/1249/984 1025/1248/983 565/722/523 1039/726/997
f 1034/1250/992 1033/1247/991 1042/724/1000 1043/728/1001
f 1027/1251/985 1026/1249/984 1039/726/997 566/730/524
f 1035/1252/993 1034/1250/992 1043/728/1001 1044/732/1002
f 1028/1253/986 1027/1251/985 566/730/524 567/734/525
f 1021/1255/979 563/1263/521 1036/707/994
f 570/1264/528 1035/1252/993 1044/732/1002
f 1029/1257/987 1028/1253/986 567/734/525 568/711/526
f 1022/1258/980 1021/1255/979 1036/707/994 1037/706/995
o 円柱.001
v 0.000000 -1.772965 -0.463463
v 0.000000 -0.919790 -0.463463
v 0.141563 -1.772965 -0.381732
v 0.141563 -0.919790 -0.381732
v 0.141563 -1.772965 -0.218268
v 0.141563 -0.919790 -0.218268
v 0.000000 -1.772965 -0.136537
v 0.000000 -0.919790 -0.136537
v -0.141563 -1.772965 -0.218268
v -0.141563 -0.919790 -0.218268
v -0.141563 -1.772965 -0.381732
v -0.141563 -0.919790 -0.381732
vn 0.5000 -0.0000 -0.8660
vn 1.0000 -0.0000 -0.0000
vn 0.5000 -0.0000 0.8660
vn -0.5000 -0.0000 0.8660
vn -0.0000 1.0000 -0.0000
vn -1.0000 -0.0000 -0.0000
vn -0.5000 -0.0000 -0.8660
vn -0.0000 -1.0000 -0.0000
vt 0.316602 0.185172
vt 0.316602 0.313503
vt 0.273825 0.313503
vt 0.273825 0.185172
vt 0.231048 0.313503
vt 0.231048 0.185172
vt 0.188271 0.313503
vt 0.188271 0.185172
vt 0.145495 0.313503
vt 0.145495 0.185172
vt 0.177452 0.151806
vt 0.124106 0.182605
vt 0.070760 0.151806
vt 0.070760 0.090207
vt 0.124106 0.059408
vt 0.177452 0.090207
vt 0.102718 0.313503
vt 0.102718 0.185172
vt 0.059941 0.313503
vt 0.059941 0.185172
vt 0.252437 0.182605
vt 0.305783 0.151806
vt 0.305783 0.090207
vt 0.252437 0.059408
vt 0.199091 0.090207
vt 0.199091 0.151806
s 0
usemtl マテリアル
f 1045/1265/1003 1046/1266/1003 1048/1267/1003 1047/1268/1003
f 1047/1268/1004 1048/1267/1004 1050/1269/1004 1049/1270/1004
f 1049/1270/1005 1050/1269/1005 1052/1271/1005 1051/1272/1005
f 1051/1272/1006 1052/1271/1006 1054/1273/1006 1053/1274/1006
f 1048/1275/1007 1046/1276/1007 1056/1277/1007 1054/1278/1007 1052/1279/1007 1050/1280/1007
f 1053/1274/1008 1054/1273/1008 1056/1281/1008 1055/1282/1008
f 1055/1282/1009 1056/1281/1009 1046/1283/1009 1045/1284/1009
f 1045/1285/1010 1047/1286/1010 1049/1287/1010 1051/1288/1010 1053/1289/1010 1055/1290/1010
o 円柱.002
v 0.000000 -1.772965 0.136537
v 0.000000 -0.919790 0.136537
v 0.141563 -1.772965 0.218268
v 0.141563 -0.919790 0.218268
v 0.141563 -1.772965 0.381732
v 0.141563 -0.919790 0.381732
v 0.000000 -1.772965 0.463463
v 0.000000 -0.919790 0.463463
v -0.141563 -1.772965 0.381732
v -0.141563 -0.919790 0.381732
v -0.141563 -1.772965 0.218268
v -0.141563 -0.919790 0.218268
vn 0.5000 -0.0000 -0.8660
vn 1.0000 -0.0000 -0.0000
vn 0.5000 -0.0000 0.8660
vn -0.5000 -0.0000 0.8660
vn -0.0000 1.0000 -0.0000
vn -1.0000 -0.0000 -0.0000
vn -0.5000 -0.0000 -0.8660
vn -0.0000 -1.0000 -0.0000
vt 0.316602 0.185172
vt 0.316602 0.313503
vt 0.273825 0.313503
vt 0.273825 0.185172
vt 0.231048 0.313503
vt 0.231048 0.185172
vt 0.188271 0.313503
vt 0.188271 0.185172
vt 0.145495 0.313503
vt 0.145495 0.185172
vt 0.177452 0.151806
vt 0.124106 0.182605
vt 0.070760 0.151806
vt 0.070760 0.090207
vt 0.124106 0.059408
vt 0.177452 0.090207
vt 0.102718 0.313503
vt 0.102718 0.185172
vt 0.059941 0.313503
vt 0.059941 0.185172
vt 0.252437 0.182605
vt 0.305783 0.151806
vt 0.305783 0.090207
vt 0.252437 0.059408
vt 0.199091 0.090207
vt 0.199091 0.151806
s 0
usemtl マテリアル
f 1057/1291/1011 1058/1292/1011 1060/1293/1011 1059/1294/1011
f 1059/1294/1012 1060/1293/1012 1062/1295/1012 1061/1296/1012
f 1061/1296/1013 1062/1295/1013 1064/1297/1013 1063/1298/1013
f 1063/1298/1014 1064/1297/1014 1066/1299/1014 1065/1300/1014
f 1060/1301/1015 1058/1302/1015 1068/1303/1015 1066/1304/1015 1064/1305/1015 1062/1306/1015
f 1065/1300/1016 1066/1299/1016 1068/1307/1016 1067/1308/1016
f 1067/1308/1017 1068/1307/1017 1058/1309/1017 1057/1310/1017
f 1057/1311/1018 1059/1312/1018 1061/1313/1018 1063/1314/1018 1065/1315/1018 1067/1316/1018
